0,1,2,3,4,5,6,7,8,9,10,11,12,13,14,15,16,17,18,19,20,21,22,23,24,25,26,27,28,29,30,31,32,33,34,35,36,37,38,39,40,41,42,43,44,45,46,47,48,49,50,51,52,53,54,55,56,57,58,59,60,61,62,63,64,65,66,67,68,69,70,71,72,73,74,75,76,77,78,79,80,81,82,83,84,85,86,87,88,89,90,91,92,93
1.0000001,0.55033255,0.6710504,0.66322803,0.56760645,0.6069795,0.45755944,0.6349548,0.6301702,0.64725965,0.59793156,0.61931145,0.5037558,0.66740155,0.5259657,0.6069607,0.5185612,0.6314548,0.6656904,0.5989164,0.5477477,0.60360426,0.63022166,0.6449087,0.663998,0.5341071,0.6413711,0.6860838,0.6395767,0.60781574,0.5835375,0.5835375,0.6457611,0.4905183,0.6471363,0.7711693,0.59818363,0.59913355,0.57081443,0.6594948,0.5954277,0.62192816,0.6472168,0.69090563,0.59401155,0.49372384,0.40586895,0.4575729,0.38356587,0.55103225,0.48720118,0.42902136,0.38375083,0.43855602,0.45089096,0.4053961,0.46294516,0.43644923,0.40802297,0.55470985,0.50367624,0.45560315,0.40002152,0.3605343,0.3953963,0.39266986,0.31324416,0.3307375,0.41157427,0.48525643,0.3906951,0.41056004,0.4017288,0.400467,0.3891835,0.41737765,0.36975974,0.44794753,0.44758457,0.4396767,0.4114334,0.40946642,0.56930864,0.4029003,0.35527977,0.45273766,0.34549898,0.44357875,0.39833382,0.40849704,0.44678816,0.46967906,0.4632582,0.43068248
0.55033255,1.0000004,0.64644146,0.6374169,0.5517462,0.6638968,0.57083285,0.6402644,0.5976096,0.7006372,0.63246924,0.56656814,0.5903973,0.6199072,0.5629909,0.70813257,0.6200615,0.6466579,0.66713935,0.6238537,0.69807297,0.6969506,0.6624366,0.703818,0.69334924,0.5385699,0.5996292,0.5938183,0.6627976,0.693328,0.6963336,0.6963336,0.67532146,0.46666345,0.67814463,0.6418284,0.36587307,0.3670471,0.5905784,0.64809984,0.56435996,0.56570965,0.5580054,0.60170454,0.669392,0.5409441,0.48835716,0.5161712,0.544679,0.5930959,0.5261365,0.49434605,0.41822988,0.55400944,0.5387398,0.5240899,0.5029186,0.51099694,0.53382975,0.47840902,0.55494726,0.47725633,0.4663977,0.50382817,0.492363,0.41277918,0.46726418,0.54082304,0.5113035,0.5717597,0.47906902,0.5186719,0.52123505,0.49860215,0.5191824,0.56198186,0.55402154,0.5500138,0.5465131,0.6007335,0.5381089,0.47285357,0.62237793,0.42465067,0.4494878,0.49922663,0.45817953,0.41692546,0.5375507,0.474097,0.46568385,0.49785843,0.53731096,0.46961623
0.6710504,0.64644146,1.0000001,0.99598956,0.6439148,0.6347522,0.5988981,0.6386928,0.62640417,0.7015186,0.6148332,0.6928877,0.6474491,0.69913965,0.5407338,0.635582,0.6119663,0.6954647,0.6817941,0.6549679,0.6267351,0.6664517,0.685482,0.665622,0.6569601,0.53161985,0.6151916,0.63762015,0.6725922,0.6752479,0.6292111,0.6292111,0.6274063,0.50625396,0.63146776,0.74167794,0.50652707,0.50650024,0.63625544,0.69940436,0.5924885,0.58279985,0.6605444,0.5898451,0.588588,0.5809257,0.43797588,0.44032776,0.4392358,0.5876573,0.5420331,0.4979214,0.43160513,0.53053904,0.6129189,0.491714,0.523731,0.4664043,0.48874632,0.4992648,0.52603996,0.4684009,0.42067927,0.47672912,0.4849538,0.38955653,0.41930574,0.39047,0.4825993,0.49339816,0.44678345,0.48571652,0.52536654,0.47018084,0.43016315,0.48186627,0.45690507,0.50399214,0.50537807,0.5148623,0.48300058,0.51149994,0.57155466,0.42284712,0.45456305,0.50623584,0.4719605,0.45810172,0.47349632,0.46880066,0.43967754,0.5094728,0.53276974,0.4696722
0.66322803,0.6374169,0.99598956,1.0000004,0.63798904,0.625736,0.5776266,0.63210535,0.61292547,0.69961804,0.6090914,0.69660056,0.6633172,0.6965604,0.5331248,0.6327959,0.6008854,0.6848329,0.68270487,0.64796925,0.62640053,0.6528569,0.6902497,0.6619213,0.63677436,0.53729934,0.6146158,0.6306288,0.6630986,0.6620985,0.6232636,0.6232636,0.6213688,0.49282393,0.61237365,0.73885816,0.49477258,0.4939163,0.6343749,0.6957671,0.58390486,0.57383585,0.65082747,0.5878863,0.5764159,0.5702023,0.4227346,0.43773177,0.4381571,0.5801705,0.5362024,0.49845144,0.43102127,0.52387106,0.6102788,0.4901811,0.5220336,0.45787346,0.48459175,0.49755982,0.5216388,0.47004038,0.41314885,0.46917555,0.48693255,0.37997213,0.41590133,0.3890488,0.48050508,0.4887075,0.42780426,0.48192707,0.5187695,0.46681714,0.42363063,0.4753647,0.45388988,0.4978355,0.4985382,0.50794446,0.47659296,0.51005065,0.5662662,0.42267817,0.44655126,0.503101,0.47220218,0.4597695,0.46924922,0.46928263,0.43818456,0.507101,0.530957,0.4705996
0.56760645,0.5517462,0.6439148,0.63798904,0.99999964,0.5729067,0.5434555,0.5531978,0.59179145,0.5399308,0.43843034,0.5785813,0.5230297,0.5572039,0.40937367,0.4386811,0.6358227,0.6034959,0.57949734,0.6598241,0.5001919,0.52061874,0.5471107,0.55749625,0.59914494,0.39580238,0.4911727,0.5585122,0.5561724,0.5485687,0.5045716,0.5045716,0.5190869,0.5139014,0.5551868,0.59653556,0.52106094,0.5219665,0.601262,0.5233341,0.5283717,0.5036892,0.52897525,0.4981332,0.4181433,0.52289873,0.49015784,0.43946972,0.38807064,0.42476004,0.41888392,0.38477293,0.3455148,0.414436,0.47998047,0.41342518,0.41380656,0.3339465,0.46325558,0.35102397,0.48470995,0.40959615,0.3564989,0.46481228,0.4307113,0.2912104,0.33111286,0.34356734,0.4317076,0.42625737,0.3429168,0.43476254,0.44795483,0.39299804,0.3638827,0.40592316,0.38361531,0.41683242,0.4150201,0.45384273,0.4155526,0.42755464,0.45914775,0.31150627,0.35230044,0.42567396,0.4284156,0.39149567,0.42277738,0.38017437,0.3498975,0.43351665,0.45510447,0.4057552
0.6069795,0.6638968,0.6347522,0.625736,0.5729067,0.99999994,0.59233403,0.7110449,0.64271975,0.68819374,0.6693158,0.6002781,0.49414477,0.6724875,0.5658331,0.64811873,0.5948642,0.6662849,0.7097453,0.6678326,0.6142575,0.6427222,0.6853575,0.6611757,0.7479105,0.5413349,0.71969223,0.6423785,0.6756395,0.6768267,0.60197276,0.60197276,0.65876365,0.58225197,0.7389778,0.64146024,0.5598032,0.56130034,0.62834835,0.7177006,0.5445784,0.705391,0.6353491,0.7192936,0.5778403,0.5275921,0.5658659,0.51653147,0.45834276,0.6181402,0.5696329,0.51836795,0.47350794,0.5202616,0.5705253,0.4723775,0.54301167,0.50372994,0.52682275,0.5214304,0.5938681,0.52960217,0.5015826,0.5074982,0.52128565,0.42445472,0.39372206,0.44006464,0.54787433,0.5790029,0.48062304,0.5385437,0.49432072,0.46786794,0.49132222,0.5556037,0.49554962,0.5260395,0.5170355,0.52971894,0.5564728,0.46233281,0.583926,0.46290928,0.45103616,0.5419387,0.42654297,0.49321255,0.53285897,0.51417655,0.51630217,0.50785625,0.50655586,0.46138287
0.45755944,0.57083285,0.5988981,0.5776266,0.5434555,0.59233403,1.0,0.5401892,0.60187054,0.54935026,0.54534256,0.56835794,0.39256272,0.63438606,0.37272155,0.4505737,0.6369092,0.5921686,0.5618916,0.65448964,0.47036982,0.58529776,0.54811656,0.54726744,0.62339073,0.4178549,0.47138768,0.54660624,0.6315547,0.66121393,0.51957566,0.51957566,0.51954746,0.5421619,0.6684987,0.5426719,0.4791459,0.4802694,0.5229221,0.62674165,0.5481293,0.6026942,0.5536047,0.5799073,0.52823365,0.5465916,0.6521474,0.47532997,0.4591975,0.5359079,0.5001718,0.48497164,0.40759608,0.543855,0.54068786,0.4649383,0.47289255,0.44372466,0.5004032,0.4344888,0.48564142,0.45432246,0.41378388,0.46321875,0.47922236,0.43218482,0.48314562,0.3934605,0.52809405,0.4935287,0.43981346,0.46915466,0.48668632,0.47796258,0.5019113,0.5229923,0.49408627,0.5052048,0.49609196,0.5418364,0.5167343,0.4269792,0.54882383,0.3869128,0.4400826,0.45599023,0.48100248,0.45038682,0.52246845,0.5048999,0.44409934,0.5223094,0.5249486,0.47777587
0.6349548,0.6402644,0.6386928,0.63210535,0.5531978,0.7110449,0.5401892,1.0000005,0.59660834,0.66761243,0.63517445,0.682693,0.5693064,0.7309007,0.49687344,0.7295692,0.5455867,0.6542383,0.71908003,0.58842164,0.6223254,0.66469204,0.6639376,0.6822176,0.7034085,0.5648304,0.68726474,0.6354148,0.6704144,0.67938733,0.62688804,0.62688804,0.69040054,0.5588048,0.70428807,0.70341355,0.51236874,0.5093198,0.62785923,0.7807329,0.56928027,0.6301765,0.65825516,0.6539664,0.6611326,0.58048683,0.55006737,0.44139442,0.42363754,0.5274014,0.4988312,0.44184172,0.4028571,0.48192263,0.5246726,0.45390967,0.50426036,0.40866694,0.4753798,0.5095964,0.53965205,0.4403319,0.41029772,0.39906752,0.4015869,0.3691213,0.31348956,0.35051757,0.45256215,0.48827899,0.46529755,0.42217126,0.43747595,0.4280138,0.38370535,0.46872714,0.42521548,0.42824876,0.42790222,0.52934545,0.43538743,0.45466286,0.55145514,0.39282277,0.3955281,0.49602544,0.38790566,0.41157466,0.4016171,0.46304262,0.45164034,0.5110187,0.48169875,0.41937676
0.6301702,0.5976096,0.62640417,0.61292547,0.59179145,0.64271975,0.60187054,0.59660834,0.99999994,0.53809613,0.5308332,0.537583,0.42632264,0.5502069,0.3987715,0.4917226,0.46486014,0.64359033,0.51633537,0.6989553,0.54828733,0.5776176,0.56710714,0.55847543,0.7067587,0.35082993,0.49036908,0.48732245,0.5678112,0.53730327,0.5330166,0.5330166,0.5600944,0.5615712,0.66278625,0.59141237,0.5408014,0.54802907,0.5208002,0.5331652,0.4890393,0.67378426,0.5953015,0.50777715,0.5340641,0.4856614,0.50660455,0.4095834,0.40649375,0.4602269,0.42873362,0.35182616,0.34380612,0.42654637,0.46365014,0.50699127,0.42107773,0.4221651,0.52589333,0.3649175,0.46506307,0.4083017,0.32841986,0.41280264,0.43400115,0.34051013,0.4311323,0.37527236,0.5036986,0.4151863,0.45879608,0.39042383,0.38476115,0.41996735,0.42218325,0.41624832,0.36889797,0.37982666,0.37865278,0.47424048,0.51442885,0.49348232,0.4761119,0.3625995,0.38051248,0.43881276,0.3332613,0.39625332,0.48455042,0.4006955,0.39204672,0.44168195,0.4356448,0.35782066
0.64725965,0.7006372,0.7015186,0.69961804,0.5399308,0.68819374,0.54935026,0.66761243,0.53809613,1.0,0.68468064,0.70890975,0.5652837,0.7083594,0.5080111,0.6941807,0.65912205,0.7117282,0.73509705,0.6190357,0.71115774,0.72588265,0.70964336,0.74601007,0.6977274,0.54455864,0.6954579,0.8051381,0.75492096,0.75827366,0.75125533,0.75125533,0.74351984,0.4001408,0.7091109,0.75790066,0.4052644,0.40327427,0.7089133,0.76856774,0.606144,0.59691197,0.6024118,0.7016567,0.6132223,0.60941845,0.46416625,0.6854185,0.63470256,0.76063794,0.68291163,0.65706366,0.5819863,0.66870075,0.67049706,0.645675,0.7119644,0.67419714,0.6016624,0.7235886,0.7025785,0.67661715,0.6347505,0.62289953,0.6164592,0.54742366,0.5438321,0.56885326,0.62758577,0.70761615,0.56389654,0.6649016,0.6147559,0.5998405,0.6359082,0.6789761,0.63897234,0.6998589,0.69871247,0.6309735,0.6401591,0.6097092,0.7562091,0.5984121,0.5848378,0.65296763,0.584932,0.6458234,0.615555,0.5988329,0.63436747,0.6645181,0.6596562,0.6064761
0.59793156,0.63246924,0.6148332,0.6090914,0.43843034,0.6693158,0.54534256,0.63517445,0.5308332,0.68468064,0.9999999,0.6148722,0.46816638,0.6342749,0.5157648,0.64653504,0.59624296,0.62825644,0.6980454,0.6000867,0.5728834,0.6757248,0.6809332,0.6636682,0.661126,0.66734415,0.68057036,0.60080844,0.6667685,0.6841877,0.6855898,0.6855898,0.5845192,0.49057302,0.70372236,0.65849805,0.4867407,0.48731294,0.6035579,0.70814234,0.5367483,0.6225494,0.6689946,0.68431354,0.63451713,0.5473176,0.5103691,0.56665814,0.5120454,0.62387276,0.60221803,0.5598221,0.5020917,0.56710553,0.58953136,0.5340479,0.5544612,0.63179266,0.49375466,0.5914688,0.6272732,0.53128844,0.48015374,0.5085084,0.46338046,0.42976367,0.46759227,0.4775709,0.5426571,0.58862907,0.51486576,0.5238951,0.50082564,0.5538001,0.54708755,0.5884219,0.56502706,0.6214224,0.61770624,0.6825825,0.54748315,0.4655,0.6309032,0.5285119,0.51767194,0.5370267,0.40905645,0.5407785,0.5340384,0.51669496,0.55427736,0.55863816,0.5552773,0.4861337
0.61931145,0.56656814,0.6928877,0.69660056,0.5785813,0.6002781,0.56835794,0.682693,0.537583,0.70890975,0.6148722,1.0000002,0.60601443,0.7071377,0.4622392,0.5716152,0.66143113,0.6518669,0.70871276,0.69745064,0.6233485,0.6785578,0.6325216,0.6255291,0.60971665,0.618346,0.6820696,0.6697377,0.6878741,0.6810395,0.671921,0.671921,0.6494434,0.52860093,0.6330658,0.679906,0.41852343,0.41575977,0.6931569,0.729864,0.67718464,0.595352,0.62504035,0.65667456,0.56842405,0.631085,0.50905067,0.500133,0.49034363,0.6152873,0.56791246,0.5654129,0.46740904,0.5542247,0.6545691,0.5181235,0.5979955,0.50579876,0.54223365,0.5690611,0.5912723,0.52539754,0.4694856,0.5243233,0.5039718,0.42030534,0.43976057,0.35709095,0.51454514,0.5359485,0.49770695,0.50246567,0.5188708,0.50801754,0.45675483,0.5127744,0.4821362,0.5198839,0.516873,0.5567596,0.53923506,0.5516618,0.58659047,0.4961815,0.46034837,0.5498065,0.49238184,0.5033786,0.49410346,0.5212789,0.5121707,0.5728545,0.57938063,0.5071344
0.5037558,0.5903973,0.6474491,0.6633172,0.5230297,0.49414477,0.39256272,0.5693064,0.42632264,0.5652837,0.46816638,0.60601443,0.9999998,0.6635931,0.43378758,0.6032899,0.5034301,0.52104366,0.5824526,0.5505835,0.5256279,0.56560034,0.5691298,0.562111,0.519311,0.4996007,0.55267894,0.53671837,0.5829946,0.5372383,0.5543934,0.5543934,0.53833586,0.45413378,0.465374,0.6113161,0.30798185,0.30704454,0.551807,0.5362312,0.49819827,0.48043007,0.46899545,0.5955292,0.50822425,0.48195735,0.31170464,0.3812874,0.36711863,0.48128906,0.42938808,0.44823772,0.34283105,0.49487764,0.4929116,0.39950883,0.45320526,0.33100903,0.43647316,0.38343176,0.43918917,0.39232185,0.31945434,0.3078581,0.4237415,0.29206273,0.37046236,0.37303913,0.40155563,0.389721,0.3045588,0.40808198,0.39557743,0.42340603,0.37934968,0.3978395,0.42264053,0.37262216,0.36833403,0.43892106,0.35755485,0.41384363,0.4597762,0.37816373,0.34187767,0.40813693,0.44400373,0.34183872,0.4172958,0.3717238,0.39884782,0.45057282,0.497668,0.44391444
0.66740155,0.6199072,0.69913965,0.6965604,0.5572039,0.6724875,0.63438606,0.7309007,0.5502069,0.7083594,0.6342749,0.7071377,0.6635931,1.0000005,0.51000607,0.6453187,0.71180147,0.686034,0.74177194,0.6125227,0.6185125,0.68354607,0.7201914,0.7109913,0.637614,0.68837273,0.68956465,0.73868746,0.7547634,0.7414206,0.65351933,0.65351933,0.6785189,0.477174,0.72468203,0.75267583,0.5156635,0.5129608,0.75137836,0.7507122,0.68863964,0.62071353,0.6755666,0.7884863,0.6577743,0.6160729,0.582257,0.5240102,0.43884933,0.6219786,0.5774091,0.52141106,0.49876615,0.5442947,0.5790415,0.4540121,0.59423506,0.475224,0.5387367,0.5790361,0.6368161,0.5290243,0.509327,0.43095607,0.480479,0.41514373,0.38941324,0.36447284,0.5106267,0.55783695,0.49737167,0.495612,0.47430408,0.46669686,0.44372708,0.52193403,0.49715605,0.48572162,0.4788981,0.574282,0.48399156,0.49498323,0.6102109,0.48503545,0.46798196,0.5577708,0.45796752,0.52110696,0.4640093,0.5333858,0.54831725,0.54865366,0.5674793,0.4984026
0.5259657,0.5629909,0.5407338,0.5331248,0.40937367,0.5658331,0.37272155,0.49687344,0.3987715,0.5080111,0.5157648,0.4622392,0.43378758,0.51000607,1.0,0.6224786,0.4283228,0.5118275,0.5557168,0.457998,0.45823488,0.4838832,0.5071565,0.55071056,0.5349029,0.502198,0.63087267,0.51239485,0.49770966,0.5083411,0.4659797,0.4659797,0.55625725,0.48234245,0.5485864,0.49456984,0.34865376,0.34656367,0.4750103,0.5201119,0.49233615,0.51352286,0.45857957,0.5762496,0.488779,0.33698747,0.45989174,0.27964574,0.2681767,0.40297824,0.33189708,0.2974297,0.27853435,0.3589627,0.36469096,0.26198757,0.30993736,0.3113572,0.27678213,0.39879102,0.37566274,0.3251,0.29481915,0.32781413,0.24698837,0.22950181,0.20076698,0.25556353,0.2822995,0.33384573,0.24535795,0.35562566,0.281875,0.25738597,0.26364133,0.3388962,0.30513173,0.3305649,0.33075908,0.35796657,0.25494933,0.2606281,0.4285285,0.26813787,0.24944863,0.3095919,0.25601557,0.24397612,0.27551752,0.26840872,0.2935622,0.26602688,0.2947165,0.2551308
0.6069607,0.70813257,0.635582,0.6327959,0.4386811,0.64811873,0.4505737,0.7295692,0.4917226,0.6941807,0.64653504,0.5716152,0.6032899,0.6453187,0.6224786,0.9999999,0.52634007,0.63863015,0.69437385,0.5127682,0.6280221,0.6493164,0.6191351,0.7353143,0.5943864,0.6313,0.6791435,0.6267279,0.6399073,0.66916144,0.65704125,0.65704125,0.662163,0.43206596,0.7061378,0.6795206,0.36165583,0.35948277,0.6036324,0.72474647,0.5608406,0.5041952,0.5746429,0.64913785,0.65199035,0.46797487,0.4623444,0.39627492,0.41333893,0.54937506,0.5104126,0.46178582,0.38330096,0.500583,0.49240202,0.422248,0.5005446,0.4372483,0.44589475,0.50535995,0.5390716,0.41880274,0.4257299,0.43116516,0.4172088,0.3629572,0.34424692,0.398026,0.46841002,0.49573067,0.39972934,0.46028337,0.45863256,0.42578554,0.40789434,0.5036882,0.45294794,0.461994,0.46240354,0.50833124,0.4483903,0.42083254,0.5871902,0.42511436,0.4192898,0.49626336,0.367564,0.42068335,0.42481935,0.41457415,0.44301346,0.46646234,0.48342508,0.4087713
0.5185612,0.6200615,0.6119663,0.6008854,0.6358227,0.5948642,0.6369092,0.5455867,0.46486014,0.65912205,0.59624296,0.66143113,0.5034301,0.71180147,0.4283228,0.52634007,1.0,0.6509307,0.69228506,0.60115105,0.5892036,0.70140845,0.6315084,0.6450448,0.55408955,0.6048802,0.5967959,0.72707176,0.74071664,0.7806895,0.68084836,0.68084836,0.56618816,0.39325863,0.6668147,0.6760647,0.39749178,0.39900246,0.7520017,0.6223683,0.6473353,0.47945946,0.5937774,0.6696938,0.53761727,0.6237925,0.50313824,0.6163098,0.5930798,0.64621186,0.6560403,0.5928319,0.51421815,0.6238125,0.6115638,0.5331966,0.6358747,0.545383,0.6080754,0.5324473,0.66774917,0.5718157,0.5803265,0.634403,0.54221725,0.49027917,0.48712632,0.5009802,0.5940113,0.6536574,0.5554096,0.5917941,0.57528657,0.55375576,0.58516693,0.6338087,0.61539453,0.6150748,0.61505365,0.64839745,0.60793775,0.49169183,0.6272378,0.5236762,0.531597,0.57217765,0.542024,0.54787856,0.60313743,0.57426906,0.57544506,0.5774569,0.6365168,0.55490315
0.6314548,0.6466579,0.6954647,0.6848329,0.6034959,0.6662849,0.5921686,0.6542383,0.64359033,0.7117282,0.62825644,0.6518669,0.52104366,0.686034,0.5118275,0.63863015,0.6509307,1.0000002,0.7086715,0.6755088,0.6766961,0.6838219,0.71890897,0.64890206,0.7334964,0.48375058,0.629639,0.69778365,0.72516763,0.72160107,0.6770104,0.6770104,0.6669662,0.5278381,0.7006858,0.72731465,0.514258,0.51267946,0.68193597,0.65654147,0.6124403,0.6667151,0.62558115,0.65748966,0.5951064,0.5584051,0.54016405,0.5664817,0.47383645,0.5882343,0.5241068,0.49548662,0.5093321,0.50395525,0.51454,0.5035044,0.509021,0.5380011,0.56164944,0.56236863,0.5585225,0.5475113,0.49842528,0.4551233,0.5295192,0.4112523,0.43432996,0.43005276,0.5438191,0.57424533,0.5123403,0.49698064,0.4537924,0.48067588,0.49027976,0.4961713,0.46854025,0.517399,0.5170335,0.5417324,0.52417177,0.48884803,0.6170673,0.46084562,0.49320844,0.56436497,0.37339395,0.52955794,0.527629,0.50476,0.5128649,0.49108425,0.51605,0.4542235
0.6656904,0.66713935,0.6817941,0.68270487,0.57949734,0.7097453,0.5618916,0.71908003,0.51633537,0.73509705,0.6980454,0.70871276,0.5824526,0.74177194,0.5557168,0.69437385,0.69228506,0.7086715,1.0000001,0.640141,0.596175,0.66439706,0.69953376,0.7210363,0.6622588,0.719359,0.7899765,0.7374967,0.7445916,0.7588264,0.636023,0.636023,0.6937948,0.49026108,0.71411943,0.72560954,0.5255264,0.52469826,0.6916538,0.76522523,0.60217327,0.6092101,0.6733783,0.8184144,0.7017482,0.69067115,0.5438418,0.5508108,0.51721525,0.6321176,0.6332258,0.5564334,0.4948899,0.5764059,0.59295696,0.49728715,0.5713823,0.5401917,0.500739,0.5795136,0.614113,0.5256897,0.512316,0.5406908,0.5208716,0.49487293,0.40067545,0.46011364,0.5394746,0.6109892,0.5248154,0.5525289,0.5512419,0.5755815,0.5049068,0.5908893,0.56797916,0.5603543,0.5592341,0.6182975,0.5171872,0.48968115,0.65647995,0.51462543,0.481389,0.5625195,0.4460131,0.5488346,0.5145932,0.5633253,0.5510433,0.5940702,0.6054612,0.5264897
0.5989164,0.6238537,0.6549679,0.64796925,0.6598241,0.6678326,0.65448964,0.58842164,0.6989553,0.6190357,0.6000867,0.69745064,0.5505835,0.6125227,0.457998,0.5127682,0.60115105,0.6755088,0.640141,1.0,0.5703308,0.6634382,0.63174963,0.5864916,0.6916246,0.468805,0.57141745,0.59001076,0.6630569,0.66430944,0.5943474,0.5943474,0.6253034,0.62899345,0.69155467,0.63754433,0.4796773,0.48349252,0.62286127,0.6710401,0.5663747,0.7709801,0.5859524,0.63766795,0.5757828,0.6171112,0.5840734,0.51161814,0.4929568,0.5715674,0.5569762,0.5125059,0.4291313,0.53892213,0.6046068,0.52836734,0.5078957,0.49770534,0.6372368,0.50035983,0.49869663,0.49868992,0.43245235,0.5323017,0.5194294,0.40857095,0.5797661,0.45519477,0.5851048,0.52648187,0.46324992,0.5758961,0.49331194,0.50427747,0.48770526,0.50764865,0.48290572,0.51552135,0.51473767,0.5585756,0.5864833,0.5675558,0.549571,0.44757253,0.4520376,0.4696698,0.49184307,0.5081394,0.5507166,0.49565917,0.44353008,0.55224204,0.5522188,0.46038595
0.5477477,0.69807297,0.6267351,0.62640053,0.5001919,0.6142575,0.47036982,0.6223254,0.54828733,0.71115774,0.5728834,0.6233485,0.5256279,0.6185125,0.45823488,0.6280221,0.5892036,0.6766961,0.596175,0.5703308,0.9999997,0.7093046,0.68344504,0.61912066,0.63170964,0.47667515,0.5157762,0.5979117,0.64292365,0.663088,0.74232924,0.74232924,0.6845547,0.32207224,0.6151644,0.62561095,0.3163089,0.31435296,0.6458663,0.6143784,0.54915434,0.48622543,0.5193921,0.53650355,0.54824364,0.5671958,0.33936858,0.6008915,0.5730578,0.698301,0.6195419,0.6313658,0.60698605,0.6260206,0.618205,0.55420053,0.6355192,0.56714165,0.60254306,0.6281858,0.6132742,0.64903826,0.5785758,0.5594055,0.5835257,0.46113607,0.49701598,0.54599535,0.57146955,0.6747837,0.52890724,0.5653625,0.5613671,0.5610188,0.585374,0.6141424,0.5742848,0.6149133,0.6117411,0.6082894,0.5655244,0.56511205,0.6580406,0.59072316,0.6025898,0.6295119,0.5484459,0.56938875,0.5461989,0.51605403,0.5819931,0.5825193,0.60587835,0.551182
0.60360426,0.6969506,0.6664517,0.6528569,0.52061874,0.6427222,0.58529776,0.66469204,0.5776176,0.72588265,0.6757248,0.6785578,0.56560034,0.68354607,0.4838832,0.6493164,0.70140845,0.6838219,0.66439706,0.6634382,0.7093046,1.0000001,0.6584487,0.6957259,0.7045502,0.54427063,0.6826929,0.67369956,0.7679851,0.76830655,0.7789083,0.7789083,0.6964666,0.52507704,0.70418054,0.73564196,0.40086547,0.39904138,0.68831116,0.6741133,0.5903958,0.59918505,0.6185314,0.64438766,0.65942144,0.6488518,0.4948621,0.64523697,0.5933809,0.7318456,0.68784165,0.65608907,0.5749765,0.6710293,0.67065394,0.63371354,0.6369383,0.6475598,0.7151331,0.63293993,0.68470454,0.621607,0.59320384,0.59722745,0.60109085,0.5335201,0.6675253,0.6180736,0.72712964,0.68014103,0.64070433,0.65268904,0.61263067,0.6508349,0.64633745,0.6731774,0.640203,0.669256,0.6675787,0.66673994,0.70130473,0.62913805,0.71871746,0.6276514,0.62994677,0.5944504,0.5380468,0.6340501,0.65398437,0.5628199,0.62758,0.6703302,0.70141625,0.58247817
0.63022166,0.6624366,0.685482,0.6902497,0.5471107,0.6853575,0.54811656,0.6639376,0.56710714,0.70964336,0.6809332,0.6325216,0.5691298,0.7201914,0.5071565,0.6191351,0.6315084,0.71890897,0.69953376,0.63174963,0.68344504,0.6584487,0.99999976,0.6469859,0.6610299,0.52771765,0.6260177,0.63903433,0.73030424,0.70257866,0.70607597,0.70607597,0.66491115,0.49374637,0.67317516,0.6897285,0.47300637,0.47115275,0.66883874,0.6751124,0.5667222,0.6277985,0.62212896,0.6972139,0.5865472,0.59123325,0.48565644,0.6116453,0.5334056,0.66129595,0.5972049,0.565148,0.5513636,0.55505514,0.59937173,0.49915347,0.53252417,0.54399127,0.55914944,0.65242356,0.58955425,0.6012828,0.5341983,0.47634178,0.54639316,0.46070006,0.47639108,0.54612935,0.5220696,0.7212272,0.450563,0.5355087,0.51557755,0.5360725,0.5491268,0.5829416,0.56586546,0.60024655,0.5952428,0.58235174,0.5325816,0.46559134,0.63439715,0.5307157,0.53686607,0.59638244,0.412855,0.5045475,0.55259454,0.5217335,0.53661466,0.5639792,0.5548557,0.5075813
0.6449087,0.703818,0.665622,0.6619213,0.55749625,0.6611757,0.54726744,0.6822176,0.55847543,0.74601007,0.6636682,0.6255291,0.562111,0.7109913,0.55071056,0.7353143,0.6450448,0.64890206,0.7210363,0.5864916,0.61912066,0.6957259,0.6469859,0.9999999,0.65231925,0.60253817,0.6552689,0.72768736,0.7093939,0.7216458,0.7011434,0.7011434,0.7171972,0.42859337,0.6851334,0.75574696,0.41912,0.4186004,0.6826356,0.74812895,0.634899,0.5831209,0.56956583,0.6970606,0.66356343,0.55251896,0.44398338,0.56896454,0.50755316,0.6438524,0.6166249,0.54222906,0.46724465,0.58638895,0.57181937,0.5661799,0.55637854,0.53287905,0.542407,0.5516924,0.6481426,0.56490314,0.5274074,0.5140592,0.5131605,0.45712867,0.44711152,0.5337077,0.57836235,0.6047281,0.5543815,0.58589375,0.5414109,0.55481523,0.5299652,0.5690919,0.5560872,0.5665104,0.5642757,0.5846276,0.57169986,0.5317547,0.6648028,0.497293,0.489301,0.5662715,0.49521384,0.51486874,0.5316468,0.51890796,0.5548697,0.56308,0.6000383,0.5465117
0.663998,0.69334924,0.6569601,0.63677436,0.59914494,0.7479105,0.62339073,0.7034085,0.7067587,0.6977274,0.661126,0.60971665,0.519311,0.637614,0.5349029,0.5943864,0.55408955,0.7334964,0.6622588,0.6916246,0.63170964,0.7045502,0.6610299,0.65231925,0.9999998,0.44733098,0.66574866,0.6402726,0.6764126,0.6678893,0.6258064,0.6258064,0.6973289,0.6359961,0.7403603,0.67350715,0.5623339,0.563356,0.6082366,0.68587434,0.5842484,0.722631,0.58701944,0.6485086,0.6323903,0.5535681,0.53462803,0.5684622,0.49259812,0.6324306,0.55931836,0.49629363,0.49681944,0.539527,0.54166394,0.51416045,0.48899436,0.5311827,0.56885886,0.5641487,0.59297085,0.52234155,0.47796288,0.49981767,0.55095017,0.41497445,0.4869596,0.48794588,0.5290783,0.57678705,0.49505225,0.5799131,0.47510213,0.47523883,0.5129082,0.55149287,0.49845165,0.5543337,0.55190897,0.5623696,0.52803177,0.531608,0.6609665,0.43607655,0.47808313,0.5036856,0.44468147,0.48539045,0.55984044,0.45150188,0.4939769,0.5152384,0.51123744,0.4795774
0.5341071,0.5385699,0.53161985,0.53729934,0.39580238,0.5413349,0.4178549,0.5648304,0.35082993,0.54455864,0.66734415,0.618346,0.4996007,0.68837273,0.502198,0.6313,0.6048802,0.48375058,0.719359,0.468805,0.47667515,0.54427063,0.52771765,0.60253817,0.44733098,1.0000001,0.71380275,0.6069267,0.56946194,0.6145874,0.56813115,0.56813115,0.50315297,0.36622876,0.61256623,0.6126245,0.37225577,0.37010986,0.55258775,0.6310642,0.5417304,0.4316035,0.57494915,0.71175396,0.6219411,0.4905086,0.4806819,0.3543288,0.38948816,0.481261,0.4817332,0.42837405,0.37747774,0.45411858,0.49320596,0.34078163,0.50577676,0.40453616,0.34598562,0.45406106,0.4988619,0.36387178,0.41681445,0.4369147,0.3864259,0.30950958,0.2602137,0.27379933,0.40238208,0.43480748,0.38290754,0.42628682,0.37039983,0.37171453,0.36710426,0.4593243,0.44069532,0.42688072,0.42263922,0.5580531,0.37921265,0.3708766,0.5082282,0.38918972,0.3738913,0.4259571,0.32983744,0.38661614,0.35456482,0.36395368,0.45914704,0.39834917,0.44883978,0.40419278
0.6413711,0.5996292,0.6151916,0.6146158,0.4911727,0.71969223,0.47138768,0.68726474,0.49036908,0.6954579,0.68057036,0.6820696,0.55267894,0.68956465,0.63087267,0.6791435,0.5967959,0.629639,0.7899765,0.57141745,0.5157762,0.6826929,0.6260177,0.6552689,0.66574866,0.71380275,0.9999997,0.7081595,0.6759419,0.65882826,0.6146799,0.6146799,0.6596582,0.58613324,0.68132037,0.68282616,0.46634445,0.4612497,0.6359448,0.7418638,0.5025973,0.59947735,0.6358479,0.7874623,0.6281866,0.5506966,0.5558684,0.47178128,0.44101265,0.56783915,0.553026,0.48280156,0.41247648,0.49134767,0.51836497,0.42000905,0.5232937,0.47775847,0.46491683,0.524477,0.59394944,0.4484466,0.40617096,0.4533282,0.4540049,0.3497618,0.3765325,0.37726778,0.4788247,0.4982415,0.4545131,0.51067847,0.4443616,0.47168037,0.41523635,0.5115312,0.46379787,0.506579,0.4997214,0.520204,0.49243906,0.46505177,0.57435226,0.4293153,0.38057882,0.42967644,0.36751577,0.46575117,0.46283382,0.40665478,0.46313947,0.50136393,0.53620636,0.43208864
0.6860838,0.5938183,0.63762015,0.6306288,0.5585122,0.6423785,0.54660624,0.6354148,0.48732245,0.8051381,0.60080844,0.6697377,0.53671837,0.73868746,0.51239485,0.6267279,0.72707176,0.69778365,0.7374967,0.59001076,0.5979117,0.67369956,0.63903433,0.72768736,0.6402726,0.6069267,0.7081595,0.99999994,0.8054075,0.81190825,0.66507643,0.66507643,0.6711056,0.37027022,0.66701007,0.7886944,0.44960025,0.44893646,0.7255283,0.7277117,0.62461144,0.5648003,0.6343384,0.7736132,0.6042796,0.5898239,0.50046766,0.6523114,0.5806429,0.7299722,0.6632755,0.62834746,0.5303027,0.6616604,0.6236353,0.56468314,0.6608822,0.63205355,0.5943691,0.681354,0.6813951,0.63939846,0.589639,0.569804,0.53129214,0.49549046,0.4942099,0.48526418,0.6302407,0.6624194,0.5729735,0.6400113,0.5681051,0.5718727,0.5721341,0.642907,0.6123341,0.61859107,0.6187821,0.6010581,0.5986587,0.58671963,0.6843432,0.56976277,0.5385007,0.60898405,0.5564343,0.59537005,0.622447,0.5991729,0.5823726,0.62402296,0.66389966,0.5837407
0.6395767,0.6627976,0.6725922,0.6630986,0.5561724,0.6756395,0.6315547,0.6704144,0.5678112,0.75492096,0.6667685,0.6878741,0.5829946,0.7547634,0.49770966,0.6399073,0.74071664,0.72516763,0.7445916,0.6630569,0.64292365,0.7679851,0.73030424,0.7093939,0.6764126,0.56946194,0.6759419,0.8054075,0.99999994,0.93153274,0.7660397,0.7660397,0.7008154,0.4680283,0.7088614,0.7829913,0.4635537,0.46129623,0.7788184,0.7075566,0.65400577,0.64491886,0.6760007,0.7542588,0.6421538,0.64526725,0.57027227,0.66170806,0.5675671,0.7155855,0.64901567,0.6312889,0.5380377,0.67070097,0.6453238,0.55804944,0.63033456,0.6281566,0.66783565,0.6739107,0.6734305,0.6264737,0.56875944,0.52733195,0.48928943,0.5286939,0.5593785,0.5857638,0.63909984,0.6879348,0.6336812,0.6177,0.59534293,0.6368379,0.6174905,0.6582262,0.6776907,0.62674093,0.6251386,0.68387926,0.6219983,0.5481571,0.7072163,0.6058441,0.59520155,0.6300856,0.55012864,0.57809645,0.6230962,0.6689921,0.6122051,0.64639163,0.7123702,0.5656247
0.60781574,0.693328,0.6752479,0.6620985,0.5485687,0.6768267,0.66121393,0.67938733,0.53730327,0.75827366,0.6841877,0.6810395,0.5372383,0.7414206,0.5083411,0.66916144,0.7806895,0.72160107,0.7588264,0.66430944,0.663088,0.76830655,0.70257866,0.7216458,0.6678893,0.6145874,0.65882826,0.81190825,0.93153274,1.0,0.750561,0.750561,0.6967154,0.45993072,0.7521707,0.7699228,0.48199597,0.48042843,0.7497113,0.7311164,0.67398995,0.6088243,0.6677605,0.7407309,0.68981427,0.66448414,0.5726109,0.6451461,0.6119684,0.7159228,0.67185795,0.64417195,0.535147,0.6836746,0.67144877,0.5901883,0.63901573,0.64009076,0.6365226,0.66010493,0.6694185,0.61782163,0.59604883,0.5703448,0.5049774,0.5407554,0.54179233,0.5999474,0.6505914,0.70507616,0.63444895,0.6213171,0.61717504,0.6251037,0.62417966,0.6857968,0.6913429,0.6445536,0.6466244,0.6980037,0.6283221,0.57885325,0.70508724,0.5916545,0.6046279,0.64816874,0.561546,0.5612723,0.6345721,0.67572415,0.6072792,0.63991344,0.7007832,0.5669488
0.5835375,0.6963336,0.6292111,0.6232636,0.5045716,0.60197276,0.51957566,0.62688804,0.5330166,0.75125533,0.6855898,0.671921,0.5543934,0.65351933,0.4659797,0.65704125,0.68084836,0.6770104,0.636023,0.5943474,0.74232924,0.7789083,0.70607597,0.7011434,0.6258064,0.56813115,0.6146799,0.66507643,0.7660397,0.750561,1.0000001,1.0000001,0.6730239,0.4218272,0.6669974,0.67332345,0.34522158,0.34650192,0.6996995,0.6289718,0.58072656,0.56668425,0.58509743,0.60918236,0.6393602,0.66740423,0.42234138,0.6854508,0.6920866,0.74541545,0.6951818,0.70755565,0.60044056,0.71180713,0.65148187,0.5937912,0.61389583,0.6911994,0.6525382,0.68283767,0.68369114,0.65355355,0.59907025,0.60899436,0.54887074,0.5317795,0.61674714,0.6105873,0.62250733,0.7166572,0.58668274,0.61592925,0.6225084,0.671295,0.67284405,0.68754214,0.6814089,0.7860664,0.7838244,0.7432442,0.6656271,0.5768422,0.7476578,0.6546261,0.64920956,0.6370836,0.59834987,0.54573864,0.59720635,0.5807297,0.628002,0.6509624,0.7172523,0.6304392
0.5835375,0.6963336,0.6292111,0.6232636,0.5045716,0.60197276,0.51957566,0.62688804,0.5330166,0.75125533,0.6855898,0.671921,0.5543934,0.65351933,0.4659797,0.65704125,0.68084836,0.6770104,0.636023,0.5943474,0.74232924,0.7789083,0.70607597,0.7011434,0.6258064,0.56813115,0.6146799,0.66507643,0.7660397,0.750561,1.0000001,1.0000001,0.6730239,0.4218272,0.6669974,0.67332345,0.34522158,0.34650192,0.6996995,0.6289718,0.58072656,0.56668425,0.58509743,0.60918236,0.6393602,0.66740423,0.42234138,0.6854508,0.6920866,0.74541545,0.6951818,0.70755565,0.60044056,0.71180713,0.65148187,0.5937912,0.61389583,0.6911994,0.6525382,0.68283767,0.68369114,0.65355355,0.59907025,0.60899436,0.54887074,0.5317795,0.61674714,0.6105873,0.62250733,0.7166572,0.58668274,0.61592925,0.6225084,0.671295,0.67284405,0.68754214,0.6814089,0.7860664,0.7838244,0.7432442,0.6656271,0.5768422,0.7476578,0.6546261,0.64920956,0.6370836,0.59834987,0.54573864,0.59720635,0.5807297,0.628002,0.6509624,0.7172523,0.6304392
0.6457611,0.67532146,0.6274063,0.6213688,0.5190869,0.65876365,0.51954746,0.69040054,0.5600944,0.74351984,0.5845192,0.6494434,0.53833586,0.6785189,0.55625725,0.662163,0.56618816,0.6669662,0.6937948,0.6253034,0.6845547,0.6964666,0.66491115,0.7171972,0.6973289,0.50315297,0.6596582,0.6711056,0.7008154,0.6967154,0.6730239,0.6730239,1.0000002,0.48648223,0.65639627,0.67693293,0.45394498,0.45177585,0.6679711,0.7241988,0.5646659,0.60692644,0.5426051,0.67731726,0.66205937,0.53044856,0.50544864,0.58178365,0.5121084,0.65143824,0.6051074,0.56624466,0.5265844,0.59136564,0.598606,0.50520647,0.5455465,0.5414785,0.58018124,0.63731116,0.6113484,0.6087621,0.5653374,0.4963508,0.49977037,0.49056685,0.4626094,0.48106718,0.5770483,0.6144969,0.48852542,0.54297394,0.5724399,0.56983006,0.5096611,0.5787114,0.5437716,0.54808956,0.54490525,0.58589035,0.56710273,0.55180687,0.6823406,0.5352334,0.5077394,0.5675719,0.5092001,0.5436163,0.51443434,0.53502613,0.5603621,0.585669,0.5738785,0.5508069
0.4905183,0.46666345,0.50625396,0.49282393,0.5139014,0.58225197,0.5421619,0.5588048,0.5615712,0.4001408,0.49057302,0.52860093,0.45413378,0.477174,0.48234245,0.43206596,0.39325863,0.5278381,0.49026108,0.62899345,0.32207224,0.52507704,0.49374637,0.42859337,0.6359961,0.36622876,0.58613324,0.37027022,0.4680283,0.45993072,0.4218272,0.4218272,0.48648223,0.99999964,0.5602956,0.42310348,0.5290451,0.5315898,0.40625605,0.50255585,0.44418848,0.6914522,0.4832849,0.5190394,0.47185662,0.44144955,0.60672927,0.2518928,0.26294044,0.3370475,0.32324335,0.25867435,0.23977792,0.31894526,0.3528433,0.2889784,0.25616768,0.26237547,0.34719953,0.285518,0.34996367,0.25473577,0.23332335,0.26115885,0.29084992,0.20770922,0.27872851,0.21825767,0.28012425,0.28861737,0.31849557,0.2813528,0.2372638,0.29022285,0.26953524,0.2695,0.2547303,0.2663392,0.2607572,0.37048477,0.29885247,0.26526543,0.31393263,0.21561871,0.24139619,0.27474755,0.21386924,0.20749776,0.31849146,0.27329856,0.24801156,0.29571494,0.29176846,0.24063261
0.6471363,0.67814463,0.63146776,0.61237365,0.5551868,0.7389778,0.6684987,0.70428807,0.66278625,0.7091109,0.70372236,0.6330658,0.465374,0.72468203,0.5485864,0.7061378,0.6668147,0.7006858,0.71411943,0.69155467,0.6151644,0.70418054,0.67317516,0.6851334,0.7403603,0.61256623,0.68132037,0.66701007,0.7088614,0.7521707,0.6669974,0.6669974,0.65639627,0.5602956,1.0,0.6744366,0.54770297,0.5553213,0.6251918,0.75152147,0.6439933,0.67763925,0.64350575,0.7149466,0.6377625,0.590603,0.6434692,0.52794313,0.5148692,0.6352508,0.5959535,0.51863456,0.4622697,0.5327016,0.56229454,0.5148546,0.56321853,0.5252573,0.5272484,0.5474202,0.5937219,0.4896951,0.5079844,0.5276246,0.4861327,0.4505484,0.4793653,0.45324177,0.5544124,0.57105535,0.53959316,0.55809283,0.52129394,0.47251227,0.50090736,0.57043034,0.48189226,0.56903625,0.5655442,0.58876246,0.5672646,0.52354884,0.63418597,0.4518908,0.476593,0.52275753,0.44908965,0.4799174,0.50430053,0.5048352,0.51018846,0.5249865,0.5282254,0.47121376
0.7711693,0.6418284,0.74167794,0.73885816,0.59653556,0.64146024,0.5426719,0.70341355,0.59141237,0.75790066,0.65849805,0.679906,0.6113161,0.75267583,0.49456984,0.6795206,0.6760647,0.72731465,0.72560954,0.63754433,0.62561095,0.73564196,0.6897285,0.75574696,0.67350715,0.6126245,0.68282616,0.7886944,0.7829913,0.7699228,0.67332345,0.67332345,0.67693293,0.42310348,0.6744366,1.0000006,0.52072716,0.5188963,0.70657337,0.7378415,0.6884622,0.584267,0.674724,0.7264297,0.65134466,0.5679661,0.48368937,0.56052434,0.4720098,0.61435527,0.5842098,0.5294171,0.46467742,0.5571904,0.5393791,0.50852835,0.56215554,0.5182385,0.53117806,0.57577646,0.5808665,0.55065215,0.47119188,0.44456547,0.4449619,0.4056584,0.43681288,0.46018827,0.5692992,0.5824501,0.50965595,0.5306452,0.47823685,0.5228602,0.476486,0.5143443,0.5037129,0.5322151,0.5330226,0.5695986,0.517812,0.51488143,0.65237147,0.4919871,0.45671567,0.5246143,0.430874,0.5417174,0.49746287,0.50715244,0.5461786,0.5680602,0.5754041,0.5022151
0.59818363,0.36587307,0.50652707,0.49477258,0.52106094,0.5598032,0.4791459,0.51236874,0.5408014,0.4052644,0.4867407,0.41852343,0.30798185,0.5156635,0.34865376,0.36165583,0.39749178,0.514258,0.5255264,0.4796773,0.3163089,0.40086547,0.47300637,0.41912,0.5623339,0.37225577,0.46634445,0.44960025,0.4635537,0.48199597,0.34522158,0.34522158,0.45394498,0.5290451,0.54770297,0.52072716,0.9999996,0.99815136,0.38309804,0.5213432,0.45395073,0.5208515,0.4932329,0.5461753,0.46544984,0.43490767,0.4525829,0.2676713,0.21573915,0.325445,0.2978821,0.2777523,0.29123738,0.26014352,0.28951472,0.19650896,0.19470909,0.27323452,0.27120364,0.36974606,0.33837909,0.29016656,0.29757774,0.24536632,0.25456613,0.25289232,0.21155365,0.19171046,0.3235656,0.27845737,0.2791519,0.2687667,0.23444788,0.28495523,0.26143086,0.27539468,0.26951572,0.27340823,0.2720532,0.36816648,0.25260842,0.2614536,0.38438377,0.27142707,0.2614114,0.32392287,0.21241763,0.2807948,0.26984715,0.28224516,0.27120554,0.29510695,0.3019993,0.28508288
0.59913355,0.3670471,0.50650024,0.4939163,0.5219665,0.56130034,0.4802694,0.5093198,0.54802907,0.40327427,0.48731294,0.41575977,0.30704454,0.5129608,0.34656367,0.35948277,0.39900246,0.51267946,0.52469826,0.48349252,0.31435296,0.39904138,0.47115275,0.4186004,0.563356,0.37010986,0.4612497,0.44893646,0.46129623,0.48042843,0.34650192,0.34650192,0.45177585,0.5315898,0.5553213,0.5188963,0.99815136,0.99999994,0.38306096,0.5171427,0.45024708,0.52336043,0.49236023,0.5469556,0.46846342,0.43944523,0.4571569,0.27088806,0.2223073,0.33084863,0.3034569,0.27848428,0.29553488,0.26586506,0.2917653,0.19884937,0.19589534,0.27936295,0.27074325,0.36833033,0.34379256,0.29288715,0.30185357,0.25116715,0.25681967,0.2580928,0.2147596,0.19375996,0.32528806,0.2805733,0.2836366,0.27045754,0.239392,0.29139617,0.26712427,0.2782055,0.27250293,0.27768067,0.27646625,0.37530696,0.2567247,0.26275155,0.3842487,0.27898496,0.26759067,0.32967424,0.2137855,0.28232497,0.27325615,0.2888464,0.27437705,0.29910818,0.30473438,0.29036838
0.57081443,0.5905784,0.63625544,0.6343749,0.601262,0.62834835,0.5229221,0.62785923,0.5208002,0.7089133,0.6035579,0.6931569,0.551807,0.75137836,0.4750103,0.6036324,0.7520017,0.68193597,0.6916538,0.62286127,0.6458663,0.68831116,0.66883874,0.6826356,0.6082366,0.55258775,0.6359448,0.7255283,0.7788184,0.7497113,0.6996995,0.6996995,0.6679711,0.40625605,0.6251918,0.70657337,0.38309804,0.38306096,0.9999997,0.6291988,0.6224289,0.54189265,0.6389948,0.67942536,0.5468702,0.6119893,0.53930646,0.6260194,0.5487756,0.66584975,0.6539475,0.616879,0.597043,0.64017355,0.67107475,0.5756267,0.64977354,0.58518666,0.6918591,0.65579724,0.7342722,0.67806554,0.6113242,0.569089,0.56469434,0.49264422,0.479249,0.47265106,0.6170225,0.6598905,0.56389576,0.61616564,0.60394466,0.5952238,0.5694021,0.6099524,0.60909736,0.581008,0.5848214,0.6798292,0.62852573,0.6491934,0.6479009,0.6288942,0.5924192,0.7001009,0.54982597,0.6525036,0.5750907,0.63734317,0.65196294,0.62738395,0.6572048,0.59245807
0.6594948,0.64809984,0.69940436,0.6957671,0.5233341,0.7177006,0.62674165,0.7807329,0.5331652,0.76856774,0.70814234,0.729864,0.5362312,0.7507122,0.5201119,0.72474647,0.6223683,0.65654147,0.76522523,0.6710401,0.6143784,0.6741133,0.6751124,0.74812895,0.68587434,0.6310642,0.7418638,0.7277117,0.7075566,0.7311164,0.6289718,0.6289718,0.7241988,0.50255585,0.75152147,0.7378415,0.5213432,0.5171427,0.6291988,1.0000004,0.643728,0.6722782,0.6796695,0.7483638,0.6433968,0.5709683,0.5789277,0.5206561,0.4773002,0.63245916,0.60591996,0.536142,0.47228843,0.5194484,0.5942309,0.5026135,0.5551535,0.53635466,0.49224988,0.58713925,0.5978829,0.5190791,0.51393014,0.5084166,0.51153857,0.460282,0.4484685,0.42081583,0.55344754,0.58242476,0.44787726,0.5601153,0.49597695,0.4655743,0.47030428,0.55696476,0.4966203,0.5526069,0.54686284,0.54170734,0.5276179,0.49834558,0.6227222,0.44455972,0.45047507,0.5312608,0.41763452,0.5108743,0.49198687,0.47892293,0.51934075,0.5391133,0.5667333,0.4765857
0.5954277,0.56435996,0.5924885,0.58390486,0.5283717,0.5445784,0.5481293,0.56928027,0.4890393,0.606144,0.5367483,0.67718464,0.49819827,0.68863964,0.49233615,0.5608406,0.6473353,0.6124403,0.60217327,0.5663747,0.54915434,0.5903958,0.5667222,0.634899,0.5842484,0.5417304,0.5025973,0.62461144,0.65400577,0.67398995,0.58072656,0.58072656,0.5646659,0.44418848,0.6439933,0.6884622,0.45395073,0.45024708,0.6224289,0.643728,0.99999994,0.50766945,0.5512994,0.63668436,0.5679239,0.47251993,0.54678726,0.43000743,0.37596172,0.5184696,0.45423836,0.44499663,0.3775955,0.43799445,0.39379087,0.35627392,0.45914388,0.36716214,0.45289326,0.49316916,0.45891488,0.40053007,0.39266813,0.3631601,0.3864358,0.3547915,0.37043643,0.3456141,0.3963219,0.46116927,0.4191222,0.42914978,0.3592736,0.33531865,0.36359558,0.40128466,0.38546816,0.40423247,0.40092775,0.4866771,0.39278105,0.42011675,0.51181316,0.34198853,0.33925882,0.41367334,0.3467771,0.36238036,0.34577543,0.39448094,0.42518693,0.3840995,0.42814648,0.32448155
0.62192816,0.56570965,0.58279985,0.57383585,0.5036892,0.705391,0.6026942,0.6301765,0.67378426,0.59691197,0.6225494,0.595352,0.48043007,0.62071353,0.51352286,0.5041952,0.47945946,0.6667151,0.6092101,0.7709801,0.48622543,0.59918505,0.6277985,0.5831209,0.722631,0.4316035,0.59947735,0.5648003,0.64491886,0.6088243,0.56668425,0.56668425,0.60692644,0.6914522,0.67763925,0.584267,0.5208515,0.52336043,0.54189265,0.6722782,0.50766945,1.0000002,0.62193686,0.6523949,0.5632971,0.5059879,0.59744036,0.45274657,0.41014224,0.5041854,0.4566395,0.42527297,0.39227474,0.44795287,0.48913595,0.47351804,0.37653086,0.45744863,0.5186564,0.50738454,0.44717506,0.4633958,0.37669024,0.378359,0.38175187,0.3248606,0.41868573,0.3437828,0.46544766,0.44967386,0.4192541,0.42157948,0.37859866,0.44956878,0.4210438,0.42378965,0.382202,0.42906296,0.42017916,0.45184353,0.45981357,0.4083939,0.5326616,0.37835306,0.37876448,0.41602173,0.34252205,0.39589387,0.45100063,0.43459636,0.42254055,0.4429081,0.46043253,0.3944078
0.6472168,0.5580054,0.6605444,0.65082747,0.52897525,0.6353491,0.5536047,0.65825516,0.5953015,0.6024118,0.6689946,0.62504035,0.46899545,0.6755666,0.45857957,0.5746429,0.5937774,0.62558115,0.6733783,0.5859524,0.5193921,0.6185314,0.62212896,0.56956583,0.58701944,0.57494915,0.6358479,0.6343384,0.6760007,0.6677605,0.58509743,0.58509743,0.5426051,0.4832849,0.64350575,0.674724,0.4932329,0.49236023,0.6389948,0.6796695,0.5512994,0.62193686,0.9999998,0.66498053,0.58589286,0.5496907,0.55200166,0.41418576,0.4141081,0.49087185,0.47777537,0.4222658,0.35629836,0.45340982,0.5463117,0.48029083,0.5058805,0.46358177,0.4870606,0.47097516,0.50902176,0.43090305,0.36467806,0.37672722,0.3893017,0.34206802,0.3842049,0.35480246,0.4778872,0.44300333,0.432156,0.4025296,0.44936228,0.4404082,0.37560958,0.42985734,0.39944372,0.4571589,0.45264155,0.55263793,0.48525122,0.45031318,0.5226575,0.40739903,0.38214847,0.48867163,0.32191432,0.41775852,0.47742715,0.56674874,0.45196462,0.4764221,0.48325482,0.4020297
0.69090563,0.60170454,0.5898451,0.5878863,0.4981332,0.7192936,0.5799073,0.6539664,0.50777715,0.7016567,0.68431354,0.65667456,0.5955292,0.7884863,0.5762496,0.64913785,0.6696938,0.65748966,0.8184144,0.63766795,0.53650355,0.64438766,0.6972139,0.6970606,0.6485086,0.71175396,0.7874623,0.7736132,0.7542588,0.7407309,0.60918236,0.60918236,0.67731726,0.5190394,0.7149466,0.7264297,0.5461753,0.5469556,0.67942536,0.7483638,0.63668436,0.6523949,0.66498053,0.9999996,0.6716674,0.58429456,0.5556401,0.53845525,0.46313694,0.62467664,0.59772015,0.53109586,0.5138601,0.5622677,0.5302078,0.4588016,0.5542756,0.5082548,0.49967903,0.620006,0.594174,0.54225063,0.529237,0.46645027,0.46376184,0.4103521,0.39182222,0.42274064,0.54067934,0.58685386,0.47513628,0.5482077,0.45358512,0.50701135,0.47917575,0.5422563,0.5210228,0.50493973,0.4965579,0.5467483,0.49683884,0.48705024,0.6227981,0.5137391,0.43575883,0.5284818,0.4011355,0.5215547,0.49904805,0.5356817,0.5920414,0.53851974,0.55182064,0.5144974
0.59401155,0.669392,0.588588,0.5764159,0.4181433,0.5778403,0.52823365,0.6611326,0.5340641,0.6132223,0.63451713,0.56842405,0.50822425,0.6577743,0.488779,0.65199035,0.53761727,0.5951064,0.7017482,0.5757828,0.54824364,0.65942144,0.5865472,0.66356343,0.6323903,0.6219411,0.6281866,0.6042796,0.6421538,0.68981427,0.6393602,0.6393602,0.66205937,0.47185662,0.6377625,0.65134466,0.46544984,0.46846342,0.5468702,0.6433968,0.5679239,0.5632971,0.58589286,0.6716674,0.99999964,0.6082809,0.5038912,0.4322824,0.48534256,0.53687465,0.5093879,0.47072166,0.37827313,0.561753,0.536874,0.4302827,0.4328849,0.48799688,0.47225955,0.4915779,0.46504888,0.4052954,0.42292553,0.3950399,0.38632798,0.42404583,0.3846694,0.44063005,0.47385052,0.4954233,0.5183403,0.43131196,0.5150976,0.50826836,0.44945526,0.51089233,0.50362825,0.48775995,0.48458052,0.5925265,0.44375938,0.47456026,0.5684088,0.42582977,0.40506327,0.44786945,0.44632015,0.39177406,0.43756115,0.47882658,0.4384852,0.56635153,0.561181,0.45249447
0.49372384,0.5409441,0.5809257,0.5702023,0.52289873,0.5275921,0.5465916,0.58048683,0.4856614,0.60941845,0.5473176,0.631085,0.48195735,0.6160729,0.33698747,0.46797487,0.6237925,0.5584051,0.69067115,0.6171112,0.5671958,0.6488518,0.59123325,0.55251896,0.5535681,0.4905086,0.5506966,0.5898239,0.64526725,0.66448414,0.66740423,0.66740423,0.53044856,0.44144955,0.590603,0.5679661,0.43490767,0.43944523,0.6119893,0.5709683,0.47251993,0.5059879,0.5496907,0.58429456,0.6082809,1.0000004,0.409469,0.5633484,0.61333716,0.63944423,0.6817078,0.62658167,0.5509581,0.69382566,0.66389793,0.54537827,0.56299734,0.5972121,0.57413864,0.5636557,0.62574875,0.55031013,0.57045984,0.58704907,0.5396297,0.52123153,0.5075455,0.53333014,0.5776353,0.61373293,0.6377443,0.5480889,0.63867193,0.6762762,0.58083934,0.6559541,0.5999667,0.66055465,0.66370845,0.64092976,0.5442366,0.6028288,0.6503592,0.58136356,0.5868259,0.5632913,0.5788924,0.56729186,0.5585463,0.60195476,0.5761078,0.67381656,0.7338191,0.62915367
0.40586895,0.48835716,0.43797588,0.4227346,0.49015784,0.5658659,0.6521474,0.55006737,0.50660455,0.46416625,0.5103691,0.50905067,0.31170464,0.582257,0.45989174,0.4623444,0.50313824,0.54016405,0.5438418,0.5840734,0.33936858,0.4948621,0.48565644,0.44398338,0.53462803,0.4806819,0.5558684,0.50046766,0.57027227,0.5726109,0.42234138,0.42234138,0.50544864,0.60672927,0.6434692,0.48368937,0.4525829,0.4571569,0.53930646,0.5789277,0.54678726,0.59744036,0.55200166,0.5556401,0.5038912,0.409469,1.0000004,0.33173558,0.30329004,0.36971772,0.36799714,0.30875117,0.2984124,0.33207357,0.40472913,0.28557307,0.32265982,0.30363595,0.3857166,0.3643684,0.39231667,0.31990203,0.3271432,0.30926064,0.2898144,0.32503554,0.30070275,0.21476518,0.37946033,0.35921398,0.30894458,0.34766504,0.34813234,0.32124767,0.31134325,0.35997576,0.31072363,0.3011738,0.2914627,0.45351183,0.35429996,0.32848334,0.36292407,0.25577375,0.28321153,0.32878458,0.24402224,0.30328244,0.32487598,0.3640632,0.29727045,0.34008625,0.3589222,0.26475045
0.4575729,0.5161712,0.44032776,0.43773177,0.43946972,0.51653147,0.47532997,0.44139442,0.4095834,0.6854185,0.56665814,0.500133,0.3812874,0.5240102,0.27964574,0.39627492,0.6163098,0.5664817,0.5508108,0.51161814,0.6008915,0.64523697,0.6116453,0.56896454,0.5684622,0.3543288,0.47178128,0.6523114,0.66170806,0.6451461,0.6854508,0.6854508,0.58178365,0.2518928,0.52794313,0.56052434,0.2676713,0.27088806,0.6260194,0.5206561,0.43000743,0.45274657,0.41418576,0.53845525,0.4322824,0.5633484,0.33173558,0.9999999,0.8092253,0.8551868,0.79752207,0.8293082,0.78080153,0.7846514,0.7381592,0.7225796,0.7409474,0.8459956,0.7287398,0.7938757,0.75372076,0.87011653,0.76416713,0.76416785,0.70535165,0.6879792,0.7416382,0.76188725,0.8062197,0.87402725,0.598249,0.7571634,0.73585224,0.7928541,0.86242294,0.8428336,0.8317618,0.83577335,0.8363039,0.70734614,0.77322847,0.6954695,0.8156918,0.7824686,0.7925387,0.75870717,0.7376072,0.78605205,0.7933085,0.68624663,0.7978997,0.7841133,0.763889,0.79350895
0.38356587,0.544679,0.4392358,0.4381571,0.38807064,0.45834276,0.4591975,0.42363754,0.40649375,0.63470256,0.5120454,0.49034363,0.36711863,0.43884933,0.2681767,0.41333893,0.5930798,0.47383645,0.51721525,0.4929568,0.5730578,0.5933809,0.5334056,0.50755316,0.49259812,0.38948816,0.44101265,0.5806429,0.5675671,0.6119684,0.6920866,0.6920866,0.5121084,0.26294044,0.5148692,0.4720098,0.21573915,0.2223073,0.5487756,0.4773002,0.37596172,0.41014224,0.4141081,0.46313694,0.48534256,0.61333716,0.30329004,0.8092253,0.9999999,0.7744257,0.78210354,0.7703852,0.69562143,0.8124848,0.7371916,0.7660584,0.6957519,0.8284003,0.6329716,0.69977075,0.7082299,0.7457358,0.74258786,0.77366257,0.69736487,0.6838895,0.72124785,0.75254476,0.7252319,0.7918287,0.55157304,0.7068622,0.7869151,0.78061503,0.83131754,0.8425603,0.8039937,0.8619202,0.86239475,0.69988513,0.75211436,0.705603,0.7583962,0.72390467,0.7487509,0.7412522,0.7427732,0.64489603,0.7944796,0.678357,0.69431,0.74972403,0.7395077,0.7639998
0.55103225,0.5930959,0.5876573,0.5801705,0.42476004,0.6181402,0.5359079,0.5274014,0.4602269,0.76063794,0.62387276,0.6152873,0.48128906,0.6219786,0.40297824,0.54937506,0.64621186,0.5882343,0.6321176,0.5715674,0.698301,0.7318456,0.66129595,0.6438524,0.6324306,0.481261,0.56783915,0.7299722,0.7155855,0.7159228,0.74541545,0.74541545,0.65143824,0.3370475,0.6352508,0.61435527,0.325445,0.33084863,0.66584975,0.63245916,0.5184696,0.5041854,0.49087185,0.62467664,0.53687465,0.63944423,0.36971772,0.8551868,0.7744257,0.99999994,0.9093138,0.88649845,0.81854975,0.84868,0.8149987,0.7144217,0.8006789,0.84702927,0.72879076,0.8259885,0.8303685,0.840127,0.80839115,0.79145,0.7403218,0.73246527,0.7290257,0.69052494,0.7895362,0.86978877,0.68106127,0.7871431,0.77013177,0.7906796,0.8607362,0.87690145,0.8261424,0.84428144,0.8473211,0.73117894,0.7942544,0.71462494,0.8394346,0.8306373,0.8175549,0.7964421,0.77407634,0.79562414,0.79503936,0.70489264,0.79836583,0.7980172,0.8196327,0.8229634
0.48720118,0.5261365,0.5420331,0.5362024,0.41888392,0.5696329,0.5001718,0.4988312,0.42873362,0.68291163,0.60221803,0.56791246,0.42938808,0.5774091,0.33189708,0.5104126,0.6560403,0.5241068,0.6332258,0.5569762,0.6195419,0.68784165,0.5972049,0.6166249,0.55931836,0.4817332,0.553026,0.6632755,0.64901567,0.67185795,0.6951818,0.6951818,0.6051074,0.32324335,0.5959535,0.5842098,0.2978821,0.3034569,0.6539475,0.60591996,0.45423836,0.4566395,0.47777537,0.59772015,0.5093879,0.6817078,0.36799714,0.79752207,0.78210354,0.9093138,1.0000005,0.85558647,0.77503884,0.824731,0.76576304,0.7090716,0.75028384,0.78317773,0.70640475,0.7572987,0.8043423,0.77757406,0.75935215,0.7869792,0.72975093,0.6881558,0.71772915,0.6615984,0.7728477,0.83702713,0.64945394,0.76772684,0.7565786,0.78178287,0.80623156,0.84639615,0.77049595,0.8173395,0.8192739,0.71304566,0.7864358,0.7313139,0.81117505,0.7749861,0.7515497,0.7438693,0.73604923,0.7685735,0.78376275,0.67062265,0.7739154,0.76455116,0.78735423,0.8022579
0.42902136,0.49434605,0.4979214,0.49845144,0.38477293,0.51836795,0.48497164,0.44184172,0.35182616,0.65706366,0.5598221,0.5654129,0.44823772,0.52141106,0.2974297,0.46178582,0.5928319,0.49548662,0.5564334,0.5125059,0.6313658,0.65608907,0.565148,0.54222906,0.49629363,0.42837405,0.48280156,0.62834746,0.6312889,0.64417195,0.70755565,0.70755565,0.56624466,0.25867435,0.51863456,0.5294171,0.2777523,0.27848428,0.616879,0.536142,0.44499663,0.42527297,0.4222658,0.53109586,0.47072166,0.62658167,0.30875117,0.8293082,0.7703852,0.88649845,0.85558647,0.99999976,0.8381104,0.80817926,0.8064967,0.67109543,0.72660494,0.8100845,0.7134234,0.80817354,0.7463264,0.84663063,0.785646,0.7536596,0.69370586,0.70119166,0.72783595,0.6692383,0.7945938,0.80743,0.6024012,0.72609377,0.7851953,0.8363871,0.82796097,0.82651794,0.8065207,0.8169136,0.8178658,0.7210425,0.76823586,0.70985883,0.7946636,0.84369063,0.8183113,0.76541275,0.76938516,0.7870312,0.7655287,0.66083694,0.78925675,0.81338334,0.8229729,0.78563875
0.38375083,0.41822988,0.43160513,0.43102127,0.3455148,0.47350794,0.40759608,0.4028571,0.34380612,0.5819863,0.5020917,0.46740904,0.34283105,0.49876615,0.27853435,0.38330096,0.51421815,0.5093321,0.4948899,0.4291313,0.60698605,0.5749765,0.5513636,0.46724465,0.49681944,0.37747774,0.41247648,0.5303027,0.5380377,0.535147,0.60044056,0.60044056,0.5265844,0.23977792,0.4622697,0.46467742,0.29123738,0.29553488,0.597043,0.47228843,0.3775955,0.39227474,0.35629836,0.5138601,0.37827313,0.5509581,0.2984124,0.78080153,0.69562143,0.81854975,0.77503884,0.8381104,0.99999994,0.7327255,0.7234147,0.6253996,0.66159916,0.7771843,0.64606136,0.7958942,0.763673,0.87303925,0.85553396,0.7135727,0.70175654,0.6521927,0.6070788,0.6011077,0.7421041,0.8051302,0.53830075,0.7103321,0.682953,0.75239724,0.77758944,0.754506,0.7294275,0.70141375,0.70261204,0.6296599,0.6707011,0.63828826,0.7107771,0.8476404,0.8312562,0.7984269,0.6302568,0.8138018,0.68707603,0.59380376,0.8267226,0.68853205,0.69195414,0.7601998
0.43855602,0.55400944,0.53053904,0.52387106,0.414436,0.5202616,0.543855,0.48192263,0.42654637,0.66870075,0.56710553,0.5542247,0.49487764,0.5442947,0.3589627,0.500583,0.6238125,0.50395525,0.5764059,0.53892213,0.6260206,0.6710293,0.55505514,0.58638895,0.539527,0.45411858,0.49134767,0.6616604,0.67070097,0.6836746,0.71180713,0.71180713,0.59136564,0.31894526,0.5327016,0.5571904,0.26014352,0.26586506,0.64017355,0.5194484,0.43799445,0.44795287,0.45340982,0.5622677,0.561753,0.69382566,0.33207357,0.7846514,0.8124848,0.84868,0.824731,0.80817926,0.7327255,1.0000005,0.79602045,0.7458282,0.7746183,0.8002648,0.7135356,0.72159094,0.77179205,0.798553,0.72649443,0.7542893,0.73820424,0.64828426,0.69407743,0.7277826,0.77330285,0.8193995,0.6431075,0.7493046,0.7664517,0.8590162,0.84687716,0.8702644,0.84332865,0.8151464,0.8176878,0.72251976,0.76314074,0.7046108,0.8094524,0.8132438,0.7670567,0.76908183,0.8048787,0.7152722,0.7691187,0.7141017,0.7930659,0.820511,0.8395625,0.8578845
0.45089096,0.5387398,0.6129189,0.6102788,0.47998047,0.5705253,0.54068786,0.5246726,0.46365014,0.67049706,0.58953136,0.6545691,0.4929116,0.5790415,0.36469096,0.49240202,0.6115638,0.51454,0.59295696,0.6046068,0.618205,0.67065394,0.59937173,0.57181937,0.54166394,0.49320596,0.51836497,0.6236353,0.6453238,0.67144877,0.65148187,0.65148187,0.598606,0.3528433,0.56229454,0.5393791,0.28951472,0.2917653,0.67107475,0.5942309,0.39379087,0.48913595,0.5463117,0.5302078,0.536874,0.66389793,0.40472913,0.7381592,0.7371916,0.8149987,0.76576304,0.8064967,0.7234147,0.79602045,0.99999994,0.7504096,0.768569,0.7929085,0.6921549,0.7062982,0.7553564,0.7937617,0.7645115,0.77662855,0.7038503,0.72351027,0.66285336,0.6520579,0.7933728,0.7617449,0.6168299,0.71049774,0.86101615,0.8060558,0.79295367,0.825684,0.7938408,0.7580179,0.7611708,0.7279763,0.7745485,0.7526291,0.7165562,0.7918463,0.79996216,0.80741763,0.76846135,0.74151367,0.751964,0.74494606,0.74770284,0.81416446,0.8071496,0.79220545
0.4053961,0.5240899,0.491714,0.4901811,0.41342518,0.4723775,0.4649383,0.45390967,0.50699127,0.645675,0.5340479,0.5181235,0.39950883,0.4540121,0.26198757,0.422248,0.5331966,0.5035044,0.49728715,0.52836734,0.55420053,0.63371354,0.49915347,0.5661799,0.51416045,0.34078163,0.42000905,0.56468314,0.55804944,0.5901883,0.5937912,0.5937912,0.50520647,0.2889784,0.5148546,0.50852835,0.19650896,0.19884937,0.5756267,0.5026135,0.35627392,0.47351804,0.48029083,0.4588016,0.4302827,0.54537827,0.28557307,0.7225796,0.7660584,0.7144217,0.7090716,0.67109543,0.6253996,0.7458282,0.7504096,1.0000002,0.7128136,0.7826879,0.68424714,0.6308844,0.7236349,0.7227658,0.65352374,0.6799233,0.71977997,0.6031876,0.6643879,0.6809713,0.7812948,0.7188897,0.5588794,0.67028433,0.7280018,0.7613585,0.73321533,0.73371226,0.71303743,0.6988733,0.7050249,0.6212014,0.798828,0.7496999,0.74184126,0.71541977,0.7224006,0.7380951,0.656442,0.7007105,0.7434911,0.7220639,0.75354815,0.74950725,0.71557575,0.74450195
0.46294516,0.5029186,0.523731,0.5220336,0.41380656,0.54301167,0.47289255,0.50426036,0.42107773,0.7119644,0.5544612,0.5979955,0.45320526,0.59423506,0.30993736,0.5005446,0.6358747,0.509021,0.5713823,0.5078957,0.6355192,0.6369383,0.53252417,0.55637854,0.48899436,0.50577676,0.5232937,0.6608822,0.63033456,0.63901573,0.61389583,0.61389583,0.5455465,0.25616768,0.56321853,0.56215554,0.19470909,0.19589534,0.64977354,0.5551535,0.45914388,0.37653086,0.5058805,0.5542756,0.4328849,0.56299734,0.32265982,0.7409474,0.6957519,0.8006789,0.75028384,0.72660494,0.66159916,0.7746183,0.768569,0.7128136,0.9999998,0.7446629,0.6772783,0.673306,0.77943707,0.7497447,0.70424193,0.7540944,0.6916597,0.6227927,0.60675484,0.6101868,0.70600206,0.7500891,0.6234478,0.70174253,0.69569635,0.68169135,0.7486874,0.79522455,0.74604017,0.7107272,0.71400094,0.6687835,0.73088986,0.6841947,0.70746166,0.7224346,0.7015083,0.75678295,0.71837354,0.7779102,0.7285185,0.6996448,0.73606265,0.745521,0.7182216,0.7282114
0.43644923,0.51099694,0.4664043,0.45787346,0.3339465,0.50372994,0.44372466,0.40866694,0.4221651,0.67419714,0.63179266,0.50579876,0.33100903,0.475224,0.3113572,0.4372483,0.545383,0.5380011,0.5401917,0.49770534,0.56714165,0.6475598,0.54399127,0.53287905,0.5311827,0.40453616,0.47775847,0.63205355,0.6281566,0.64009076,0.6911994,0.6911994,0.5414785,0.26237547,0.5252573,0.5182385,0.27323452,0.27936295,0.58518666,0.53635466,0.36716214,0.45744863,0.46358177,0.5082548,0.48799688,0.5972121,0.30363595,0.8459956,0.8284003,0.84702927,0.78317773,0.8100845,0.7771843,0.8002648,0.7929085,0.7826879,0.7446629,0.99999976,0.6945399,0.7765853,0.78553915,0.8306602,0.8088772,0.7922103,0.6964851,0.74335575,0.7585042,0.720898,0.8334807,0.82318556,0.6168489,0.7474195,0.77461004,0.8291739,0.8695096,0.84674096,0.83231103,0.85782415,0.86261207,0.751135,0.8082639,0.7061441,0.7863114,0.8427204,0.85062575,0.79697824,0.7006741,0.7944691,0.806968,0.70325947,0.79042786,0.78628945,0.78970426,0.7902218
0.40802297,0.53382975,0.48874632,0.48459175,0.46325558,0.52682275,0.5004032,0.4753798,0.52589333,0.6016624,0.49375466,0.54223365,0.43647316,0.5387367,0.27678213,0.44589475,0.6080754,0.56164944,0.500739,0.6372368,0.60254306,0.7151331,0.55914944,0.542407,0.56885886,0.34598562,0.46491683,0.5943691,0.66783565,0.6365226,0.6525382,0.6525382,0.58018124,0.34719953,0.5272484,0.53117806,0.27120364,0.27074325,0.6918591,0.49224988,0.45289326,0.5186564,0.4870606,0.49967903,0.47225955,0.57413864,0.3857166,0.7287398,0.6329716,0.72879076,0.70640475,0.7134234,0.64606136,0.7135356,0.6921549,0.68424714,0.6772783,0.6945399,0.9999999,0.6655165,0.6891965,0.6933006,0.6637387,0.6600743,0.7076808,0.5723597,0.79745305,0.6777072,0.79007816,0.72712606,0.64129823,0.756183,0.6607316,0.713128,0.72046185,0.73673046,0.7086031,0.64081705,0.6465765,0.68695164,0.83900046,0.76134086,0.722285,0.6849436,0.6683804,0.6587992,0.6516303,0.73351127,0.7753589,0.6801807,0.65242946,0.7159685,0.7268863,0.6623206
0.55470985,0.47840902,0.4992648,0.49755982,0.35102397,0.5214304,0.4344888,0.5095964,0.3649175,0.7235886,0.5914688,0.5690611,0.38343176,0.5790361,0.39879102,0.50535995,0.5324473,0.56236863,0.5795136,0.50035983,0.6281858,0.63293993,0.65242356,0.5516924,0.5641487,0.45406106,0.524477,0.681354,0.6739107,0.66010493,0.68283767,0.68283767,0.63731116,0.285518,0.5474202,0.57577646,0.36974606,0.36833033,0.65579724,0.58713925,0.49316916,0.50738454,0.47097516,0.620006,0.4915779,0.5636557,0.3643684,0.7938757,0.69977075,0.8259885,0.7572987,0.80817354,0.7958942,0.72159094,0.7062982,0.6308844,0.673306,0.7765853,0.6655165,1.0000001,0.7167899,0.8113196,0.7778203,0.67077065,0.61641145,0.6436289,0.63081807,0.5967609,0.7030569,0.77772117,0.5656999,0.6903378,0.675183,0.7202055,0.72060066,0.7522534,0.7374032,0.7459262,0.7470199,0.6370961,0.6775894,0.6520555,0.81372577,0.80254096,0.766197,0.77217776,0.63513905,0.7743493,0.6573098,0.66126156,0.7593776,0.70418143,0.6913893,0.7264934
0.50367624,0.55494726,0.52603996,0.5216388,0.48470995,0.5938681,0.48564142,0.53965205,0.46506307,0.7025785,0.6272732,0.5912723,0.43918917,0.6368161,0.37566274,0.5390716,0.66774917,0.5585225,0.614113,0.49869663,0.6132742,0.68470454,0.58955425,0.6481426,0.59297085,0.4988619,0.59394944,0.6813951,0.6734305,0.6694185,0.68369114,0.68369114,0.6113484,0.34996367,0.5937219,0.5808665,0.33837909,0.34379256,0.7342722,0.5978829,0.45891488,0.44717506,0.50902176,0.594174,0.46504888,0.62574875,0.39231667,0.75372076,0.7082299,0.8303685,0.8043423,0.7463264,0.763673,0.77179205,0.7553564,0.7236349,0.77943707,0.78553915,0.6891965,0.7167899,0.9999998,0.7860998,0.7534052,0.75182796,0.6972497,0.662807,0.6077791,0.6205984,0.72943676,0.7774857,0.65982574,0.72991157,0.73181397,0.75255364,0.7805845,0.82233447,0.772685,0.74391484,0.7458244,0.7208584,0.7505201,0.67975533,0.760431,0.7961996,0.7661946,0.79100114,0.67870355,0.7847433,0.7274354,0.69292563,0.79608154,0.7417447,0.75876325,0.7566388
0.45560315,0.47725633,0.4684009,0.47004038,0.40959615,0.52960217,0.45432246,0.4403319,0.4083017,0.67661715,0.53128844,0.52539754,0.39232185,0.5290243,0.3251,0.41880274,0.5718157,0.5475113,0.5256897,0.49868992,0.64903826,0.621607,0.6012828,0.56490314,0.52234155,0.36387178,0.4484466,0.63939846,0.6264737,0.61782163,0.65355355,0.65355355,0.6087621,0.25473577,0.4896951,0.55065215,0.29016656,0.29288715,0.67806554,0.5190791,0.40053007,0.4633958,0.43090305,0.54225063,0.4052954,0.55031013,0.31990203,0.87011653,0.7457358,0.840127,0.77757406,0.84663063,0.87303925,0.798553,0.7937617,0.7227658,0.7497447,0.8306602,0.6933006,0.8113196,0.7860998,0.99999964,0.8178768,0.76013124,0.7068346,0.65294325,0.65490484,0.67058486,0.8215489,0.8488845,0.5585325,0.698633,0.73178524,0.81616414,0.82251704,0.79173845,0.7840679,0.77793723,0.7783167,0.67326635,0.749084,0.6910322,0.75584245,0.86721504,0.83080995,0.8423053,0.70681834,0.83072203,0.747518,0.6795252,0.85201,0.77081066,0.7526401,0.8082629
0.40002152,0.4663977,0.42067927,0.41314885,0.3564989,0.5015826,0.41378388,0.41029772,0.32841986,0.6347505,0.48015374,0.4694856,0.31945434,0.509327,0.29481915,0.4257299,0.5803265,0.49842528,0.512316,0.43245235,0.5785758,0.59320384,0.5341983,0.5274074,0.47796288,0.41681445,0.40617096,0.589639,0.56875944,0.59604883,0.59907025,0.59907025,0.5653374,0.23332335,0.5079844,0.47119188,0.29757774,0.30185357,0.6113242,0.51393014,0.39266813,0.37669024,0.36467806,0.529237,0.42292553,0.57045984,0.3271432,0.76416713,0.74258786,0.80839115,0.75935215,0.785646,0.85553396,0.72649443,0.7645115,0.65352374,0.70424193,0.8088772,0.6637387,0.7778203,0.7534052,0.8178768,0.99999994,0.79715854,0.70581806,0.76551425,0.6002422,0.6431229,0.7668352,0.827338,0.58618057,0.7467802,0.74239194,0.72417486,0.80412054,0.79905355,0.77339935,0.7369703,0.74334764,0.63366014,0.73330134,0.6429426,0.71269643,0.7995336,0.8401586,0.83282834,0.6452957,0.79246604,0.7494349,0.68958664,0.80173826,0.6972859,0.69508797,0.7775273
0.3605343,0.50382817,0.47672912,0.46917555,0.46481228,0.5074982,0.46321875,0.39906752,0.41280264,0.62289953,0.5085084,0.5243233,0.3078581,0.43095607,0.32781413,0.43116516,0.634403,0.4551233,0.5406908,0.5323017,0.5594055,0.59722745,0.47634178,0.5140592,0.49981767,0.4369147,0.4533282,0.569804,0.52733195,0.5703448,0.60899436,0.60899436,0.4963508,0.26115885,0.5276246,0.44456547,0.24536632,0.25116715,0.569089,0.5084166,0.3631601,0.378359,0.37672722,0.46645027,0.3950399,0.58704907,0.30926064,0.76416785,0.77366257,0.79145,0.7869792,0.7536596,0.7135727,0.7542893,0.77662855,0.6799233,0.7540944,0.7922103,0.6600743,0.67077065,0.75182796,0.76013124,0.79715854,0.99999994,0.71675396,0.6547968,0.67401075,0.63853526,0.76916564,0.7628416,0.57460797,0.73583305,0.7421876,0.71185535,0.80705804,0.8398029,0.76903147,0.80243087,0.81226796,0.65961987,0.76714486,0.6741044,0.712779,0.74961776,0.7747152,0.7457358,0.7156795,0.7502254,0.7674059,0.6063656,0.70290434,0.69140035,0.6827793,0.750521
0.3953963,0.492363,0.4849538,0.48693255,0.4307113,0.52128565,0.47922236,0.4015869,0.43400115,0.6164592,0.46338046,0.5039718,0.4237415,0.480479,0.24698837,0.4172088,0.54221725,0.5295192,0.5208716,0.5194294,0.5835257,0.60109085,0.54639316,0.5131605,0.55095017,0.3864259,0.4540049,0.53129214,0.48928943,0.5049774,0.54887074,0.54887074,0.49977037,0.29084992,0.4861327,0.4449619,0.25456613,0.25681967,0.56469434,0.51153857,0.3864358,0.38175187,0.3893017,0.46376184,0.38632798,0.5396297,0.2898144,0.70535165,0.69736487,0.7403218,0.72975093,0.69370586,0.70175654,0.73820424,0.7038503,0.71977997,0.6916597,0.6964851,0.7076808,0.61641145,0.6972497,0.7068346,0.70581806,0.71675396,1.0000001,0.6452624,0.6968056,0.6344681,0.7353517,0.7495612,0.46560395,0.75283366,0.6560521,0.66289896,0.7553569,0.7462006,0.6749343,0.70443,0.70447177,0.595796,0.76257914,0.68897367,0.6959996,0.6794589,0.688187,0.70149404,0.64492744,0.7123113,0.7635329,0.5741457,0.72213596,0.69764864,0.6591149,0.74146557
0.39266986,0.41277918,0.38955653,0.37997213,0.2912104,0.42445472,0.43218482,0.3691213,0.34051013,0.54742366,0.42976367,0.42030534,0.29206273,0.41514373,0.22950181,0.3629572,0.49027917,0.4112523,0.49487293,0.40857095,0.46113607,0.5335201,0.46070006,0.45712867,0.41497445,0.30950958,0.3497618,0.49549046,0.5286939,0.5407554,0.5317795,0.5317795,0.49056685,0.20770922,0.4505484,0.4056584,0.25289232,0.2580928,0.49264422,0.460282,0.3547915,0.3248606,0.34206802,0.4103521,0.42404583,0.52123153,0.32503554,0.6879792,0.6838895,0.73246527,0.6881558,0.70119166,0.6521927,0.64828426,0.72351027,0.6031876,0.6227927,0.74335575,0.5723597,0.6436289,0.662807,0.65294325,0.76551425,0.6547968,0.6452624,0.9999997,0.6296357,0.6203431,0.67818534,0.7269017,0.57171565,0.65172946,0.78353435,0.7189277,0.77861977,0.74886984,0.71444523,0.6900315,0.6897167,0.6390932,0.6753735,0.57767516,0.63405913,0.6923358,0.73905957,0.6848039,0.62759376,0.6689422,0.6918047,0.6158351,0.6891662,0.7166453,0.70105237,0.68314534
0.31324416,0.46726418,0.41930574,0.41590133,0.33111286,0.39372206,0.48314562,0.31348956,0.4311323,0.5438321,0.46759227,0.43976057,0.37046236,0.38941324,0.20076698,0.34424692,0.48712632,0.43432996,0.40067545,0.5797661,0.49701598,0.6675253,0.47639108,0.44711152,0.4869596,0.2602137,0.3765325,0.4942099,0.5593785,0.54179233,0.61674714,0.61674714,0.4626094,0.27872851,0.4793653,0.43681288,0.21155365,0.2147596,0.479249,0.4484685,0.37043643,0.41868573,0.3842049,0.39182222,0.3846694,0.5075455,0.30070275,0.7416382,0.72124785,0.7290257,0.71772915,0.72783595,0.6070788,0.69407743,0.66285336,0.6643879,0.60675484,0.7585042,0.79745305,0.63081807,0.6077791,0.65490484,0.6002422,0.67401075,0.6968056,0.6296357,0.99999994,0.75029194,0.8057108,0.69566053,0.56344706,0.74738926,0.6651275,0.7014244,0.7665413,0.7385307,0.7092852,0.76720077,0.7655753,0.6605331,0.81418544,0.7227371,0.6815847,0.6728314,0.67770433,0.5901298,0.66830456,0.6690281,0.76449156,0.57406944,0.5950886,0.68848825,0.7079027,0.65408856
0.3307375,0.54082304,0.39047,0.3890488,0.34356734,0.44006464,0.3934605,0.35051757,0.37527236,0.56885326,0.4775709,0.35709095,0.37303913,0.36447284,0.25556353,0.398026,0.5009802,0.43005276,0.46011364,0.45519477,0.54599535,0.6180736,0.54612935,0.5337077,0.48794588,0.27379933,0.37726778,0.48526418,0.5857638,0.5999474,0.6105873,0.6105873,0.48106718,0.21825767,0.45324177,0.46018827,0.19171046,0.19375996,0.47265106,0.42081583,0.3456141,0.3437828,0.35480246,0.42274064,0.44063005,0.53333014,0.21476518,0.76188725,0.75254476,0.69052494,0.6615984,0.6692383,0.6011077,0.7277826,0.6520579,0.6809713,0.6101868,0.720898,0.6777072,0.5967609,0.6205984,0.67058486,0.6431229,0.63853526,0.6344681,0.6203431,0.75029194,1.0000002,0.701251,0.7804497,0.558162,0.6905635,0.6756555,0.73637176,0.7923993,0.79495823,0.8063644,0.7537756,0.7522692,0.61113685,0.68160033,0.6609123,0.69792354,0.6537875,0.6707852,0.6333704,0.64314985,0.6050216,0.7429164,0.60624564,0.657104,0.68600655,0.7097405,0.6742116
0.41157427,0.5113035,0.4825993,0.48050508,0.4317076,0.54787433,0.52809405,0.45256215,0.5036986,0.62758577,0.5426571,0.51454514,0.40155563,0.5106267,0.2822995,0.46841002,0.5940113,0.5438191,0.5394746,0.5851048,0.57146955,0.72712964,0.5220696,0.57836235,0.5290783,0.40238208,0.4788247,0.6302407,0.63909984,0.6505914,0.62250733,0.62250733,0.5770483,0.28012425,0.5544124,0.5692992,0.3235656,0.32528806,0.6170225,0.55344754,0.3963219,0.46544766,0.4778872,0.54067934,0.47385052,0.5776353,0.37946033,0.8062197,0.7252319,0.7895362,0.7728477,0.7945938,0.7421041,0.77330285,0.7933728,0.7812948,0.70600206,0.8334807,0.79007816,0.7030569,0.72943676,0.8215489,0.7668352,0.76916564,0.7353517,0.67818534,0.8057108,0.701251,1.0000005,0.7761465,0.5829166,0.77164066,0.777805,0.82611024,0.8137589,0.8019694,0.7918294,0.754252,0.75370526,0.6998767,0.8678312,0.7773921,0.7567248,0.8114448,0.8022652,0.7796655,0.7111093,0.8232998,0.79845333,0.6935875,0.7905535,0.7948196,0.7987233,0.7930318
0.48525643,0.5717597,0.49339816,0.4887075,0.42625737,0.5790029,0.4935287,0.48827899,0.4151863,0.70761615,0.58862907,0.5359485,0.389721,0.55783695,0.33384573,0.49573067,0.6536574,0.57424533,0.6109892,0.52648187,0.6747837,0.68014103,0.7212272,0.6047281,0.57678705,0.43480748,0.4982415,0.6624194,0.6879348,0.70507616,0.7166572,0.7166572,0.6144969,0.28861737,0.57105535,0.5824501,0.27845737,0.2805733,0.6598905,0.58242476,0.46116927,0.44967386,0.44300333,0.58685386,0.4954233,0.61373293,0.35921398,0.87402725,0.7918287,0.86978877,0.83702713,0.80743,0.8051302,0.8193995,0.7617449,0.7188897,0.7500891,0.82318556,0.72712606,0.77772117,0.7774857,0.8488845,0.827338,0.7628416,0.7495612,0.7269017,0.69566053,0.7804497,0.7761465,1.0,0.6137445,0.7851855,0.7586847,0.7936892,0.85557777,0.86597896,0.84406734,0.8265751,0.82694346,0.70060426,0.7852445,0.66725636,0.7895085,0.7852461,0.7998587,0.8151448,0.6640712,0.74806225,0.8051353,0.692076,0.8028028,0.777955,0.76350033,0.78863317
0.3906951,0.47906902,0.44678345,0.42780426,0.3429168,0.48062304,0.43981346,0.46529755,0.45879608,0.56389654,0.51486576,0.49770695,0.3045588,0.49737167,0.24535795,0.39972934,0.5554096,0.5123403,0.5248154,0.46324992,0.52890724,0.64070433,0.450563,0.5543815,0.49505225,0.38290754,0.4545131,0.5729735,0.6336812,0.63444895,0.58668274,0.58668274,0.48852542,0.31849557,0.53959316,0.50965595,0.2791519,0.2836366,0.56389576,0.44787726,0.4191222,0.4192541,0.432156,0.47513628,0.5183403,0.6377443,0.30894458,0.598249,0.55157304,0.68106127,0.64945394,0.6024012,0.53830075,0.6431075,0.6168299,0.5588794,0.6234478,0.6168489,0.64129823,0.5656999,0.65982574,0.5585325,0.58618057,0.57460797,0.46560395,0.57171565,0.56344706,0.558162,0.5829166,0.6137445,0.9999999,0.5977403,0.63526046,0.64323175,0.59636456,0.63845634,0.6072674,0.5797555,0.5854753,0.6289914,0.6471527,0.56958413,0.60002553,0.5652598,0.61831534,0.5830308,0.57014006,0.5906075,0.60345364,0.6463,0.56553733,0.62069637,0.6326765,0.56298155
0.41056004,0.5186719,0.48571652,0.48192707,0.43476254,0.5385437,0.46915466,0.42217126,0.39042383,0.6649016,0.5238951,0.50246567,0.40808198,0.495612,0.35562566,0.46028337,0.5917941,0.49698064,0.5525289,0.5758961,0.5653625,0.65268904,0.5355087,0.58589375,0.5799131,0.42628682,0.51067847,0.6400113,0.6177,0.6213171,0.61592925,0.61592925,0.54297394,0.2813528,0.55809283,0.5306452,0.2687667,0.27045754,0.61616564,0.5601153,0.42914978,0.42157948,0.4025296,0.5482077,0.43131196,0.5480889,0.34766504,0.7571634,0.7068622,0.7871431,0.76772684,0.72609377,0.7103321,0.7493046,0.71049774,0.67028433,0.70174253,0.7474195,0.756183,0.6903378,0.72991157,0.698633,0.7467802,0.73583305,0.75283366,0.65172946,0.74738926,0.6905635,0.77164066,0.7851855,0.5977403,1.0,0.69234663,0.7022379,0.7710339,0.7754319,0.7395358,0.75085306,0.7525341,0.6659653,0.7794318,0.7200279,0.73193794,0.69373125,0.6970747,0.6825224,0.683786,0.74847764,0.7717162,0.6185846,0.69181716,0.7200897,0.71946126,0.7308352
0.4017288,0.52123505,0.52536654,0.5187695,0.44795483,0.49432072,0.48668632,0.43747595,0.38476115,0.6147559,0.50082564,0.5188708,0.39557743,0.47430408,0.281875,0.45863256,0.57528657,0.4537924,0.5512419,0.49331194,0.5613671,0.61263067,0.51557755,0.5414109,0.47510213,0.37039983,0.4443616,0.5681051,0.59534293,0.61717504,0.6225084,0.6225084,0.5724399,0.2372638,0.52129394,0.47823685,0.23444788,0.239392,0.60394466,0.49597695,0.3592736,0.37859866,0.44936228,0.45358512,0.5150976,0.63867193,0.34813234,0.73585224,0.7869151,0.77013177,0.7565786,0.7851953,0.682953,0.7664517,0.86101615,0.7280018,0.69569635,0.77461004,0.6607316,0.675183,0.73181397,0.73178524,0.74239194,0.7421876,0.6560521,0.78353435,0.6651275,0.6756555,0.777805,0.7586847,0.63526046,0.69234663,0.9999999,0.8515213,0.7690992,0.80820936,0.76632637,0.78534025,0.7852886,0.7018451,0.77558476,0.74463797,0.7274589,0.74628806,0.76172423,0.7585961,0.7891141,0.7250856,0.71992683,0.7360841,0.70093864,0.8435113,0.80879956,0.79543847
0.400467,0.49860215,0.47018084,0.46681714,0.39299804,0.46786794,0.47796258,0.4280138,0.41996735,0.5998405,0.5538001,0.50801754,0.42340603,0.46669686,0.25738597,0.42578554,0.55375576,0.48067588,0.5755815,0.50427747,0.5610188,0.6508349,0.5360725,0.55481523,0.47523883,0.37171453,0.47168037,0.5718727,0.6368379,0.6251037,0.671295,0.671295,0.56983006,0.29022285,0.47251227,0.5228602,0.28495523,0.29139617,0.5952238,0.4655743,0.33531865,0.44956878,0.4404082,0.50701135,0.50826836,0.6762762,0.32124767,0.7928541,0.78061503,0.7906796,0.78178287,0.8363871,0.75239724,0.8590162,0.8060558,0.7613585,0.68169135,0.8291739,0.713128,0.7202055,0.75255364,0.81616414,0.72417486,0.71185535,0.66289896,0.7189277,0.7014244,0.73637176,0.82611024,0.7936892,0.64323175,0.7022379,0.8515213,0.99999946,0.8359435,0.8244545,0.8424384,0.7943703,0.7944111,0.7471776,0.8022936,0.71749294,0.80222064,0.864375,0.83446175,0.7689691,0.74953306,0.7723751,0.76534367,0.73178715,0.8136627,0.87617815,0.87224245,0.8505033
0.3891835,0.5191824,0.43016315,0.42363063,0.3638827,0.49132222,0.5019113,0.38370535,0.42218325,0.6359082,0.54708755,0.45675483,0.37934968,0.44372708,0.26364133,0.40789434,0.58516693,0.49027976,0.5049068,0.48770526,0.585374,0.64633745,0.5491268,0.5299652,0.5129082,0.36710426,0.41523635,0.5721341,0.6174905,0.62417966,0.67284405,0.67284405,0.5096611,0.26953524,0.50090736,0.476486,0.26143086,0.26712427,0.5694021,0.47030428,0.36359558,0.4210438,0.37560958,0.47917575,0.44945526,0.58083934,0.31134325,0.86242294,0.83131754,0.8607362,0.80623156,0.82796097,0.77758944,0.84687716,0.79295367,0.73321533,0.7486874,0.8695096,0.72046185,0.72060066,0.7805845,0.82251704,0.80412054,0.80705804,0.7553569,0.77861977,0.7665413,0.7923993,0.8137589,0.85557777,0.59636456,0.7710339,0.7690992,0.8359435,1.0000002,0.9318803,0.9034547,0.8427606,0.8450164,0.74067163,0.79563564,0.68991673,0.7851136,0.8401457,0.8331951,0.80125296,0.76153964,0.76191235,0.84881544,0.67159706,0.8062138,0.80087304,0.80968386,0.8268769
0.41737765,0.56198186,0.48186627,0.4753647,0.40592316,0.5556037,0.5229923,0.46872714,0.41624832,0.6789761,0.5884219,0.5127744,0.3978395,0.52193403,0.3388962,0.5036882,0.6338087,0.4961713,0.5908893,0.50764865,0.6141424,0.6731774,0.5829416,0.5690919,0.55149287,0.4593243,0.5115312,0.642907,0.6582262,0.6857968,0.68754214,0.68754214,0.5787114,0.2695,0.57043034,0.5143443,0.27539468,0.2782055,0.6099524,0.55696476,0.40128466,0.42378965,0.42985734,0.5422563,0.51089233,0.6559541,0.35997576,0.8428336,0.8425603,0.87690145,0.84639615,0.82651794,0.754506,0.8702644,0.825684,0.73371226,0.79522455,0.84674096,0.73673046,0.7522534,0.82233447,0.79173845,0.79905355,0.8398029,0.7462006,0.74886984,0.7385307,0.79495823,0.8019694,0.86597896,0.63845634,0.7754319,0.80820936,0.8244545,0.9318803,0.9999997,0.92027044,0.8486186,0.85148025,0.7430082,0.8023438,0.7272573,0.82506806,0.82561326,0.81150854,0.79611003,0.77435756,0.7580991,0.83402956,0.7024611,0.7939216,0.80662614,0.8141727,0.8261596
0.36975974,0.55402154,0.45690507,0.45388988,0.38361531,0.49554962,0.49408627,0.42521548,0.36889797,0.63897234,0.56502706,0.4821362,0.42264053,0.49715605,0.30513173,0.45294794,0.61539453,0.46854025,0.56797916,0.48290572,0.5742848,0.640203,0.56586546,0.5560872,0.49845165,0.44069532,0.46379787,0.6123341,0.6776907,0.6913429,0.6814089,0.6814089,0.5437716,0.2547303,0.48189226,0.5037129,0.26951572,0.27250293,0.60909736,0.4966203,0.38546816,0.382202,0.39944372,0.5210228,0.50362825,0.5999667,0.31072363,0.8317618,0.8039937,0.8261424,0.77049595,0.8065207,0.7294275,0.84332865,0.7938408,0.71303743,0.74604017,0.83231103,0.7086031,0.7374032,0.772685,0.7840679,0.77339935,0.76903147,0.6749343,0.71444523,0.7092852,0.8063644,0.7918294,0.84406734,0.6072674,0.7395358,0.76632637,0.8424384,0.9034547,0.92027044,1.0000001,0.807504,0.815091,0.77175283,0.7717334,0.6679836,0.80185145,0.8338969,0.82915187,0.8021438,0.76515794,0.7322314,0.8142293,0.7319243,0.7878845,0.7947719,0.8213,0.8022056
0.44794753,0.5500138,0.50399214,0.4978355,0.41683242,0.5260395,0.5052048,0.42824876,0.37982666,0.6998589,0.6214224,0.5198839,0.37262216,0.48572162,0.3305649,0.461994,0.6150748,0.517399,0.5603543,0.51552135,0.6149133,0.669256,0.60024655,0.5665104,0.5543337,0.42688072,0.506579,0.61859107,0.62674093,0.6445536,0.7860664,0.7860664,0.54808956,0.2663392,0.56903625,0.5322151,0.27340823,0.27768067,0.581008,0.5526069,0.40423247,0.42906296,0.4571589,0.50493973,0.48775995,0.66055465,0.3011738,0.83577335,0.8619202,0.84428144,0.8173395,0.8169136,0.70141375,0.8151464,0.7580179,0.6988733,0.7107272,0.85782415,0.64081705,0.7459262,0.74391484,0.77793723,0.7369703,0.80243087,0.70443,0.6900315,0.76720077,0.7537756,0.754252,0.8265751,0.5797555,0.75085306,0.78534025,0.7943703,0.8427606,0.8486186,0.807504,1.0000002,0.99701285,0.7425898,0.7644044,0.6682802,0.8179509,0.75667393,0.7731608,0.7091014,0.74818504,0.6927637,0.7474242,0.6451622,0.7208025,0.7685432,0.81925416,0.80963045
0.44758457,0.5465131,0.50537807,0.4985382,0.4150201,0.5170355,0.49609196,0.42790222,0.37865278,0.69871247,0.61770624,0.516873,0.36833403,0.4788981,0.33075908,0.46240354,0.61505365,0.5170335,0.5592341,0.51473767,0.6117411,0.6675787,0.5952428,0.5642757,0.55190897,0.42263922,0.4997214,0.6187821,0.6251386,0.6466244,0.7838244,0.7838244,0.54490525,0.2607572,0.5655442,0.5330226,0.2720532,0.27646625,0.5848214,0.54686284,0.40092775,0.42017916,0.45264155,0.4965579,0.48458052,0.66370845,0.2914627,0.8363039,0.86239475,0.8473211,0.8192739,0.8178658,0.70261204,0.8176878,0.7611708,0.7050249,0.71400094,0.86261207,0.6465765,0.7470199,0.7458244,0.7783167,0.74334764,0.81226796,0.70447177,0.6897167,0.7655753,0.7522692,0.75370526,0.82694346,0.5854753,0.7525341,0.7852886,0.7944111,0.8450164,0.85148025,0.815091,0.99701285,1.0000001,0.7444076,0.76928866,0.67282486,0.8226032,0.7614114,0.7793475,0.71511185,0.751956,0.69687223,0.74865353,0.6495097,0.7205698,0.76851255,0.8198073,0.8091454
0.4396767,0.6007335,0.5148623,0.50794446,0.45384273,0.52971894,0.5418364,0.52934545,0.47424048,0.6309735,0.6825825,0.5567596,0.43892106,0.574282,0.35796657,0.50833124,0.64839745,0.5417324,0.6182975,0.5585756,0.6082894,0.66673994,0.58235174,0.5846276,0.5623696,0.5580531,0.520204,0.6010581,0.68387926,0.6980037,0.7432442,0.7432442,0.58589035,0.37048477,0.58876246,0.5695986,0.36816648,0.37530696,0.6798292,0.54170734,0.4866771,0.45184353,0.55263793,0.5467483,0.5925265,0.64092976,0.45351183,0.70734614,0.69988513,0.73117894,0.71304566,0.7210425,0.6296599,0.72251976,0.7279763,0.6212014,0.6687835,0.751135,0.68695164,0.6370961,0.7208584,0.67326635,0.63366014,0.65961987,0.595796,0.6390932,0.6605331,0.61113685,0.6998767,0.70060426,0.6289914,0.6659653,0.7018451,0.7471776,0.74067163,0.7430082,0.77175283,0.7425898,0.7444076,1.0000005,0.69600517,0.65969574,0.72043824,0.7114063,0.7389832,0.6868516,0.64771485,0.65015614,0.6980183,0.6888756,0.6943468,0.71566546,0.74516445,0.66932887
0.4114334,0.5381089,0.48300058,0.47659296,0.4155526,0.5564728,0.5167343,0.43538743,0.51442885,0.6401591,0.54748315,0.53923506,0.35755485,0.48399156,0.25494933,0.4483903,0.60793775,0.52417177,0.5171872,0.5864833,0.5655244,0.70130473,0.5325816,0.57169986,0.52803177,0.37921265,0.49243906,0.5986587,0.6219983,0.6283221,0.6656271,0.6656271,0.56710273,0.29885247,0.5672646,0.517812,0.25260842,0.2567247,0.62852573,0.5276179,0.39278105,0.45981357,0.48525122,0.49683884,0.44375938,0.5442366,0.35429996,0.77322847,0.75211436,0.7942544,0.7864358,0.76823586,0.6707011,0.76314074,0.7745485,0.798828,0.73088986,0.8082639,0.83900046,0.6775894,0.7505201,0.749084,0.73330134,0.76714486,0.76257914,0.6753735,0.81418544,0.68160033,0.8678312,0.7852445,0.6471527,0.7794318,0.77558476,0.8022936,0.79563564,0.8023438,0.7717334,0.7644044,0.76928866,0.69600517,1.0000002,0.7484572,0.752976,0.77591395,0.75218415,0.7535438,0.68442905,0.75464714,0.8222785,0.7257043,0.72626406,0.7894096,0.74131924,0.75966525
0.40946642,0.47285357,0.51149994,0.51005065,0.42755464,0.46233281,0.4269792,0.45466286,0.49348232,0.6097092,0.4655,0.5516618,0.41384363,0.49498323,0.2606281,0.42083254,0.49169183,0.48884803,0.48968115,0.5675558,0.56511205,0.62913805,0.46559134,0.5317547,0.531608,0.3708766,0.46505177,0.58671963,0.5481571,0.57885325,0.5768422,0.5768422,0.55180687,0.26526543,0.52354884,0.51488143,0.2614536,0.26275155,0.6491934,0.49834558,0.42011675,0.4083939,0.45031318,0.48705024,0.47456026,0.6028288,0.32848334,0.6954695,0.705603,0.71462494,0.7313139,0.70985883,0.63828826,0.7046108,0.7526291,0.7496999,0.6841947,0.7061441,0.76134086,0.6520555,0.67975533,0.6910322,0.6429426,0.6741044,0.68897367,0.57767516,0.7227371,0.6609123,0.7773921,0.66725636,0.56958413,0.7200279,0.74463797,0.71749294,0.68991673,0.7272573,0.6679836,0.6682802,0.67282486,0.65969574,0.7484572,1.0000005,0.7199837,0.6969801,0.6915609,0.69310737,0.68744683,0.72947806,0.71207225,0.65483433,0.69272834,0.7261082,0.73695356,0.71674126
0.56930864,0.62237793,0.57155466,0.5662662,0.45914775,0.583926,0.54882383,0.55145514,0.4761119,0.7562091,0.6309032,0.58659047,0.4597762,0.6102109,0.4285285,0.5871902,0.6272378,0.6170673,0.65647995,0.549571,0.6580406,0.71871746,0.63439715,0.6648028,0.6609665,0.5082282,0.57435226,0.6843432,0.7072163,0.70508724,0.7476578,0.7476578,0.6823406,0.31393263,0.63418597,0.65237147,0.38438377,0.3842487,0.6479009,0.6227222,0.51181316,0.5326616,0.5226575,0.6227981,0.5684088,0.6503592,0.36292407,0.8156918,0.7583962,0.8394346,0.81117505,0.7946636,0.7107771,0.8094524,0.7165562,0.74184126,0.70746166,0.7863114,0.722285,0.81372577,0.760431,0.75584245,0.71269643,0.712779,0.6959996,0.63405913,0.6815847,0.69792354,0.7567248,0.7895085,0.60002553,0.73193794,0.7274589,0.80222064,0.7851136,0.82506806,0.80185145,0.8179509,0.8226032,0.72043824,0.752976,0.7199837,1.0000001,0.7536392,0.7498068,0.73157096,0.7343885,0.74061245,0.7411484,0.6887515,0.773692,0.7468593,0.7916683,0.8197728
0.4029003,0.42465067,0.42284712,0.42267817,0.31150627,0.46290928,0.3869128,0.39282277,0.3625995,0.5984121,0.5285119,0.4961815,0.37816373,0.48503545,0.26813787,0.42511436,0.5236762,0.46084562,0.51462543,0.44757253,0.59072316,0.6276514,0.5307157,0.497293,0.43607655,0.38918972,0.4293153,0.56976277,0.6058441,0.5916545,0.6546261,0.6546261,0.5352334,0.21561871,0.4518908,0.4919871,0.27142707,0.27898496,0.6288942,0.44455972,0.34198853,0.37835306,0.40739903,0.5137391,0.42582977,0.58136356,0.25577375,0.7824686,0.72390467,0.8306373,0.7749861,0.84369063,0.8476404,0.8132438,0.7918463,0.71541977,0.7224346,0.8427204,0.6849436,0.80254096,0.7961996,0.86721504,0.7995336,0.74961776,0.6794589,0.6923358,0.6728314,0.6537875,0.8114448,0.7852461,0.5652598,0.69373125,0.74628806,0.864375,0.8401457,0.82561326,0.8338969,0.75667393,0.7614114,0.7114063,0.77591395,0.6969801,0.7536392,0.99999934,0.9062921,0.8531734,0.6871851,0.8296521,0.7327523,0.7083093,0.86796993,0.7930808,0.7891091,0.81848794
0.35527977,0.4494878,0.45456305,0.44655126,0.35230044,0.45103616,0.4400826,0.3955281,0.38051248,0.5848378,0.51767194,0.46034837,0.34187767,0.46798196,0.24944863,0.4192898,0.531597,0.49320844,0.481389,0.4520376,0.6025898,0.62994677,0.53686607,0.489301,0.47808313,0.3738913,0.38057882,0.5385007,0.59520155,0.6046279,0.64920956,0.64920956,0.5077394,0.24139619,0.476593,0.45671567,0.2614114,0.26759067,0.5924192,0.45047507,0.33925882,0.37876448,0.38214847,0.43575883,0.40506327,0.5868259,0.28321153,0.7925387,0.7487509,0.8175549,0.7515497,0.8183113,0.8312562,0.7670567,0.79996216,0.7224006,0.7015083,0.85062575,0.6683804,0.766197,0.7661946,0.83080995,0.8401586,0.7747152,0.688187,0.73905957,0.67770433,0.6707852,0.8022652,0.7998587,0.61831534,0.6970747,0.76172423,0.83446175,0.8331951,0.81150854,0.82915187,0.7731608,0.7793475,0.7389832,0.75218415,0.6915609,0.7498068,0.9062921,1.0000001,0.8532342,0.6931772,0.80324036,0.7638671,0.6854034,0.8354197,0.74469596,0.770346,0.784598
0.45273766,0.49922663,0.50623584,0.503101,0.42567396,0.5419387,0.45599023,0.49602544,0.43881276,0.65296763,0.5370267,0.5498065,0.40813693,0.5577708,0.3095919,0.49626336,0.57217765,0.56436497,0.5625195,0.4696698,0.6295119,0.5944504,0.59638244,0.5662715,0.5036856,0.4259571,0.42967644,0.60898405,0.6300856,0.64816874,0.6370836,0.6370836,0.5675719,0.27474755,0.52275753,0.5246143,0.32392287,0.32967424,0.7001009,0.5312608,0.41367334,0.41602173,0.48867163,0.5284818,0.44786945,0.5632913,0.32878458,0.75870717,0.7412522,0.7964421,0.7438693,0.76541275,0.7984269,0.76908183,0.80741763,0.7380951,0.75678295,0.79697824,0.6587992,0.77217776,0.79100114,0.8423053,0.83282834,0.7457358,0.70149404,0.6848039,0.5901298,0.6333704,0.7796655,0.8151448,0.5830308,0.6825224,0.7585961,0.7689691,0.80125296,0.79611003,0.8021438,0.7091014,0.71511185,0.6868516,0.7535438,0.69310737,0.73157096,0.8531734,0.8532342,0.99999994,0.6654842,0.7841972,0.753558,0.7542124,0.8179388,0.719832,0.7083427,0.7748614
0.34549898,0.45817953,0.4719605,0.47220218,0.4284156,0.42654297,0.48100248,0.38790566,0.3332613,0.584932,0.40905645,0.49238184,0.44400373,0.45796752,0.25601557,0.367564,0.542024,0.37339395,0.4460131,0.49184307,0.5484459,0.5380468,0.412855,0.49521384,0.44468147,0.32983744,0.36751577,0.5564343,0.55012864,0.561546,0.59834987,0.59834987,0.5092001,0.21386924,0.44908965,0.430874,0.21241763,0.2137855,0.54982597,0.41763452,0.3467771,0.34252205,0.32191432,0.4011355,0.44632015,0.5788924,0.24402224,0.7376072,0.7427732,0.77407634,0.73604923,0.76938516,0.6302568,0.8048787,0.76846135,0.656442,0.71837354,0.7006741,0.6516303,0.63513905,0.67870355,0.70681834,0.6452957,0.7156795,0.64492744,0.62759376,0.66830456,0.64314985,0.7111093,0.6640712,0.57014006,0.683786,0.7891141,0.74953306,0.76153964,0.77435756,0.76515794,0.74818504,0.751956,0.64771485,0.68442905,0.68744683,0.7343885,0.6871851,0.6931772,0.6654842,1.0000001,0.6733276,0.7022048,0.6388516,0.65251535,0.7782864,0.7825292,0.8178236
0.44357875,0.41692546,0.45810172,0.4597695,0.39149567,0.49321255,0.45038682,0.41157466,0.39625332,0.6458234,0.5407785,0.5033786,0.34183872,0.52110696,0.24397612,0.42068335,0.54787856,0.52955794,0.5488346,0.5081394,0.56938875,0.6340501,0.5045475,0.51486874,0.48539045,0.38661614,0.46575117,0.59537005,0.57809645,0.5612723,0.54573864,0.54573864,0.5436163,0.20749776,0.4799174,0.5417174,0.2807948,0.28232497,0.6525036,0.5108743,0.36238036,0.39589387,0.41775852,0.5215547,0.39177406,0.56729186,0.30328244,0.78605205,0.64489603,0.79562414,0.7685735,0.7870312,0.8138018,0.7152722,0.74151367,0.7007105,0.7779102,0.7944691,0.73351127,0.7743493,0.7847433,0.83072203,0.79246604,0.7502254,0.7123113,0.6689422,0.6690281,0.6050216,0.8232998,0.74806225,0.5906075,0.74847764,0.7250856,0.7723751,0.76191235,0.7580991,0.7322314,0.6927637,0.69687223,0.65015614,0.75464714,0.72947806,0.74061245,0.8296521,0.80324036,0.7841972,0.6733276,1.0,0.72264546,0.6865778,0.80955684,0.77096766,0.7490781,0.7596572
0.39833382,0.5375507,0.47349632,0.46924922,0.42277738,0.53285897,0.52246845,0.4016171,0.48455042,0.615555,0.5340384,0.49410346,0.4172958,0.4640093,0.27551752,0.42481935,0.60313743,0.527629,0.5145932,0.5507166,0.5461989,0.65398437,0.55259454,0.5316468,0.55984044,0.35456482,0.46283382,0.622447,0.6230962,0.6345721,0.59720635,0.59720635,0.51443434,0.31849146,0.50430053,0.49746287,0.26984715,0.27325615,0.5750907,0.49198687,0.34577543,0.45100063,0.47742715,0.49904805,0.43756115,0.5585463,0.32487598,0.7933085,0.7944796,0.79503936,0.78376275,0.7655287,0.68707603,0.7691187,0.751964,0.7434911,0.7285185,0.806968,0.7753589,0.6573098,0.7274354,0.747518,0.7494349,0.7674059,0.7635329,0.6918047,0.76449156,0.7429164,0.79845333,0.8051353,0.60345364,0.7717162,0.71992683,0.76534367,0.84881544,0.83402956,0.8142293,0.7474242,0.74865353,0.6980183,0.8222785,0.71207225,0.7411484,0.7327523,0.7638671,0.753558,0.7022048,0.72264546,0.9999999,0.70232475,0.71979433,0.7558519,0.7236259,0.74647415
0.40849704,0.474097,0.46880066,0.46928263,0.38017437,0.51417655,0.5048999,0.46304262,0.4006955,0.5988329,0.51669496,0.5212789,0.3717238,0.5333858,0.26840872,0.41457415,0.57426906,0.50476,0.5633253,0.49565917,0.51605403,0.5628199,0.5217335,0.51890796,0.45150188,0.36395368,0.40665478,0.5991729,0.6689921,0.67572415,0.5807297,0.5807297,0.53502613,0.27329856,0.5048352,0.50715244,0.28224516,0.2888464,0.63734317,0.47892293,0.39448094,0.43459636,0.56674874,0.5356817,0.47882658,0.60195476,0.3640632,0.68624663,0.678357,0.70489264,0.67062265,0.66083694,0.59380376,0.7141017,0.74494606,0.7220639,0.6996448,0.70325947,0.6801807,0.66126156,0.69292563,0.6795252,0.68958664,0.6063656,0.5741457,0.6158351,0.57406944,0.60624564,0.6935875,0.692076,0.6463,0.6185846,0.7360841,0.73178715,0.67159706,0.7024611,0.7319243,0.6451622,0.6495097,0.6888756,0.7257043,0.65483433,0.6887515,0.7083093,0.6854034,0.7542124,0.6388516,0.6865778,0.70232475,1.0,0.6912533,0.70064694,0.6804872,0.71732795
0.44678816,0.46568385,0.43967754,0.43818456,0.3498975,0.51630217,0.44409934,0.45164034,0.39204672,0.63436747,0.55427736,0.5121707,0.39884782,0.54831725,0.2935622,0.44301346,0.57544506,0.5128649,0.5510433,0.44353008,0.5819931,0.62758,0.53661466,0.5548697,0.4939769,0.45914704,0.46313947,0.5823726,0.6122051,0.6072792,0.628002,0.628002,0.5603621,0.24801156,0.51018846,0.5461786,0.27120554,0.27437705,0.65196294,0.51934075,0.42518693,0.42254055,0.45196462,0.5920414,0.4384852,0.5761078,0.29727045,0.7978997,0.69431,0.79836583,0.7739154,0.78925675,0.8267226,0.7930659,0.74770284,0.75354815,0.73606265,0.79042786,0.65242946,0.7593776,0.79608154,0.85201,0.80173826,0.70290434,0.72213596,0.6891662,0.5950886,0.657104,0.7905535,0.8028028,0.56553733,0.69181716,0.70093864,0.8136627,0.8062138,0.7939216,0.7878845,0.7208025,0.7205698,0.6943468,0.72626406,0.69272834,0.773692,0.86796993,0.8354197,0.8179388,0.65251535,0.80955684,0.71979433,0.6912533,0.99999976,0.7684975,0.74429864,0.82241017
0.46967906,0.49785843,0.5094728,0.507101,0.43351665,0.50785625,0.5223094,0.5110187,0.44168195,0.6645181,0.55863816,0.5728545,0.45057282,0.54865366,0.26602688,0.46646234,0.5774569,0.49108425,0.5940702,0.55224204,0.5825193,0.6703302,0.5639792,0.56308,0.5152384,0.39834917,0.50136393,0.62402296,0.64639163,0.63991344,0.6509624,0.6509624,0.585669,0.29571494,0.5249865,0.5680602,0.29510695,0.29910818,0.62738395,0.5391133,0.3840995,0.4429081,0.4764221,0.53851974,0.56635153,0.67381656,0.34008625,0.7841133,0.74972403,0.7980172,0.76455116,0.81338334,0.68853205,0.820511,0.81416446,0.74950725,0.745521,0.78628945,0.7159685,0.70418143,0.7417447,0.77081066,0.6972859,0.69140035,0.69764864,0.7166453,0.68848825,0.68600655,0.7948196,0.777955,0.62069637,0.7200897,0.8435113,0.87617815,0.80087304,0.80662614,0.7947719,0.7685432,0.76851255,0.71566546,0.7894096,0.7261082,0.7468593,0.7930808,0.74469596,0.719832,0.7782864,0.77096766,0.7558519,0.70064694,0.7684975,1.0000002,0.8481459,0.80814326
0.4632582,0.53731096,0.53276974,0.530957,0.45510447,0.50655586,0.5249486,0.48169875,0.4356448,0.6596562,0.5552773,0.57938063,0.497668,0.5674793,0.2947165,0.48342508,0.6365168,0.51605,0.6054612,0.5522188,0.60587835,0.70141625,0.5548557,0.6000383,0.51123744,0.44883978,0.53620636,0.66389966,0.7123702,0.7007832,0.7172523,0.7172523,0.5738785,0.29176846,0.5282254,0.5754041,0.3019993,0.30473438,0.6572048,0.5667333,0.42814648,0.46043253,0.48325482,0.55182064,0.561181,0.7338191,0.3589222,0.763889,0.7395077,0.8196327,0.78735423,0.8229729,0.69195414,0.8395625,0.8071496,0.71557575,0.7182216,0.78970426,0.7268863,0.6913893,0.75876325,0.7526401,0.69508797,0.6827793,0.6591149,0.70105237,0.7079027,0.7097405,0.7987233,0.76350033,0.6326765,0.71946126,0.80879956,0.87224245,0.80968386,0.8141727,0.8213,0.81925416,0.8198073,0.74516445,0.74131924,0.73695356,0.7916683,0.7891091,0.770346,0.7083427,0.7825292,0.7490781,0.7236259,0.6804872,0.74429864,0.8481459,1.0000001,0.8254563
0.43068248,0.46961623,0.4696722,0.4705996,0.4057552,0.46138287,0.47777587,0.41937676,0.35782066,0.6064761,0.4861337,0.5071344,0.44391444,0.4984026,0.2551308,0.4087713,0.55490315,0.4542235,0.5264897,0.46038595,0.551182,0.58247817,0.5075813,0.5465117,0.4795774,0.40419278,0.43208864,0.5837407,0.5656247,0.5669488,0.6304392,0.6304392,0.5508069,0.24063261,0.47121376,0.5022151,0.28508288,0.29036838,0.59245807,0.4765857,0.32448155,0.3944078,0.4020297,0.5144974,0.45249447,0.62915367,0.26475045,0.79350895,0.7639998,0.8229634,0.8022579,0.78563875,0.7601998,0.8578845,0.79220545,0.74450195,0.7282114,0.7902218,0.6623206,0.7264934,0.7566388,0.8082629,0.7775273,0.750521,0.74146557,0.68314534,0.65408856,0.6742116,0.7930318,0.78863317,0.56298155,0.7308352,0.79543847,0.8505033,0.8268769,0.8261596,0.8022056,0.80963045,0.8091454,0.66932887,0.75966525,0.71674126,0.8197728,0.81848794,0.784598,0.7748614,0.8178236,0.7596572,0.74647415,0.71732795,0.82241017,0.80814326,0.8254563,1.0000002
